X,Y,Z,Normalized Luminosity,Normalized Radius
1900.67621,-5272.45313,56.09952,0.00302,0.04864
1668.97648,-4625.85065,31.82686,0.00537,0.11278
2105.49451,-5838.99969,77.08398,0.00392,0.09113
1925.34943,-5336.77728,58.72498,0.00422,0.09362
602.75003,-1668.20935,-77.48248,0.04702,0.39589
1639.37540,-4542.24159,29.32566,0.00529,0.12257
175.96184,-483.92121,-121.77262,0.07593,0.17325
5265.32628,-14601.87787,404.17293,0.00136,0.02311
983.73934,-2794.49026,-61.42829,0.01423,0.14183
2061.58892,-5859.61110,25.34510,0.00291,0.04191
3899.46042,-11083.94300,175.40646,0.00158,0.03487
2667.24490,-7575.44363,76.16311,0.00250,0.05962
1220.09485,-3466.17243,-41.45252,0.00915,0.12145
1216.23841,-3454.35205,-41.75390,0.00923,0.09467
3539.14523,-10056.24263,147.95749,0.00148,0.01672
252.93749,-717.70905,-120.24410,0.02965,0.10176
620.11139,-1760.30472,-90.46565,0.04257,0.30977
518.99219,-1472.67171,-98.63664,0.06715,0.46934
911.62353,-2588.87197,-67.00755,0.01808,0.18533
1698.41816,-4707.48995,35.68871,0.00479,0.08739
10484.81789,-29086.06974,944.21648,0.00119,0.01047
654.75934,-1812.95449,-72.27197,0.04120,0.32482
533.06282,-1513.18860,-97.49913,0.06324,0.39138
661.68113,-1878.39636,-86.97042,0.03860,0.38261
831.51576,-2361.17141,-73.01094,0.02130,0.20965
1321.45836,-3753.48349,-33.81324,0.00699,0.08597
1461.71292,-4051.04963,10.87301,0.00534,0.07406
918.67925,-2545.81028,-45.22083,0.02059,0.27336
1699.01313,-4710.42943,35.66242,0.00455,0.05978
1176.97130,-3262.38140,-18.38211,0.01183,0.19289
158.03077,-434.44096,-123.59146,0.05578,0.82997
131.58016,-361.17808,-126.32169,0.06385,0.51993
2228.47715,-6179.79974,91.04900,0.00307,0.07548
1372.35165,-3896.00591,-29.13746,0.00711,0.10866
1143.20851,-3246.98180,-48.01593,0.01127,0.19305
1486.65975,-4221.13990,-19.58115,0.00574,0.07582
4703.23541,-13359.92363,242.30579,0.00130,0.01482
2152.70780,-6115.39108,34.45696,0.00272,0.04531
1249.82831,-3550.24960,-39.05352,0.00809,0.08691
4032.63583,-11455.30677,188.77235,0.00136,0.01559
1601.81464,-4552.20803,-10.44249,0.00460,0.06965
624.71692,-1726.87086,-75.61049,0.04585,0.40422
2625.48101,-7274.73679,130.83973,0.00146,0.01835
728.60049,-2015.39813,-64.70632,0.03250,0.29734
287.90770,-818.23660,-117.46801,0.02454,0.10131
498.99815,-1418.87708,-100.20064,0.06580,0.45702
239.04171,-678.70851,-121.36946,0.03753,0.12295
5226.14745,-14862.27221,285.91562,0.00137,0.02535
914.92900,-2601.96146,-66.10357,0.01589,0.18352
2287.23661,-6505.69132,45.95570,0.00285,0.05721
771.36675,-2194.07619,-77.86652,0.02364,0.18749
748.72277,-2128.42571,-79.95702,0.02990,0.30392
1260.82383,-3490.03265,-9.68092,0.01045,0.19282
452.95977,-1287.06703,-104.09574,0.06922,0.25542
424.23402,-1205.25632,-106.33455,0.01779,0.15974
592.48175,-1684.27376,-92.70542,0.03042,0.13823
698.66774,-1986.75269,-84.08164,0.02317,0.12623
1794.03218,-5102.13565,5.72960,0.00464,0.08916
1498.23973,-4260.41635,-18.20294,0.00447,0.06409
509.95217,-1449.78004,-99.14879,0.06304,0.37124
1358.76309,-3761.54108,-0.01553,0.00763,0.10180
1080.80149,-2991.72133,-28.76713,0.00455,0.07457
1020.55460,-2824.95279,-34.84142,0.00904,0.10889
1039.71533,-2875.50522,-32.76905,0.00430,0.06808
697.91866,-1928.82956,-67.96979,0.02289,0.14962
799.27408,-2271.97559,-75.85314,0.02352,0.24911
464.76837,-1319.47271,-102.76506,0.08366,0.42353
752.55992,-2138.69701,-79.37976,0.02410,0.20373
563.48710,-1601.31497,-94.59132,0.05361,0.41967
787.83382,-2238.97204,-76.55725,0.02587,0.24437
537.60541,-1527.84770,-96.75307,0.05945,0.37285
1235.37233,-3509.66207,-39.69189,0.00940,0.13757
4601.92026,-13081.70246,237.69123,0.00152,0.02787
967.98936,-2750.35830,-61.21911,0.01431,0.14158
582.54709,-1654.76747,-93.06298,0.05379,0.39969
407.08182,-1156.27901,-107.33941,0.01127,0.57465
1448.85961,-4117.03790,-22.65764,0.00733,0.13653
240.23182,-661.24541,-115.16924,0.02822,0.59957
277.55211,-765.10630,-111.23646,0.01939,0.39132
4283.53073,-11856.82829,302.85688,0.00157,0.03422
724.51054,-2002.31681,-64.99222,0.03407,0.36094
5060.59214,-14011.67492,382.77753,0.00139,0.02503
634.14960,-1752.56936,-74.30008,0.04591,0.40788
1296.44281,-3585.39683,-5.58105,0.00853,0.14670
518.38094,-1431.05629,-86.12183,0.07242,0.49528
875.53690,-2488.24276,-68.79820,0.02178,0.29897
1607.42093,-4567.44504,-9.62354,0.00533,0.10581
5002.04438,-14211.86992,268.70273,0.00133,0.01549
831.54720,-2362.96376,-73.08931,0.01988,0.17817
868.70881,-2468.56816,-69.98847,0.01760,0.18356
435.78811,-1237.76243,-105.28310,0.07784,0.27053
1382.08364,-3926.84321,-27.59089,0.00690,0.09148
752.38119,-2137.18135,-79.09051,0.00840,0.03874
5534.97937,-15738.06070,311.80318,0.00118,0.00386
1187.47592,-3375.51190,-43.64419,0.00593,0.07843
1967.16008,-5590.74124,20.75811,0.00176,0.02759
297.99866,-821.20652,-109.11114,0.01904,0.54384
1881.97690,-5350.93159,13.36154,0.00243,0.04067
677.92851,-1923.47096,-85.65124,0.03527,0.30451
533.80766,-1513.90315,-97.20457,0.05593,0.41203
374.35471,-1061.98084,-110.24332,0.01273,0.53466
693.26778,-1966.81432,-83.92541,0.03022,0.19859
455.37960,-1256.73045,-92.68967,0.09322,0.61223
1461.67891,-4045.53234,11.41978,0.00526,0.07606
1819.25332,-5035.67631,48.60503,0.00328,0.05405
2717.66728,-7526.28051,141.57668,0.00179,0.02448
1307.79852,-3618.13795,-4.01087,0.00614,0.05023
4902.72254,-13595.59755,368.02150,0.00146,0.03086
732.65121,-2028.02259,-63.80474,0.02761,0.24975
3983.61762,-11039.29605,273.50123,0.00146,0.01978
2927.73221,-8114.68395,164.13696,0.00150,0.02071
1405.98885,-3894.18774,6.12465,0.00640,0.07593
11935.96171,-33872.69101,836.48731,0.00118,0.00566
1724.45206,-4777.46793,39.18055,0.00517,0.11104
927.27980,-2567.31816,-44.11393,0.01883,0.23482
1019.88264,-2894.57696,-57.88220,0.01438,0.19119
726.14477,-2060.25546,-81.64773,0.02308,0.12875
799.37779,-2267.98316,-75.55594,0.01731,0.13573
687.18514,-1949.45734,-84.64032,0.02863,0.17557
402.43552,-1141.81331,-107.90374,0.09083,0.33731
686.90673,-1948.94711,-84.33844,0.03186,0.30347
665.06822,-1885.88345,-86.41115,0.03827,0.37437
452.03806,-1248.91286,-93.10094,0.09256,0.56155
352.29988,-972.88439,-103.50123,0.01413,0.01915
136.82220,-375.12416,-125.74872,0.00115,0.11380
1668.87443,-4733.12544,-3.98601,0.08110,0.09528
926.61587,-2628.75259,-64.71973,0.00492,0.14168
2539.78406,-7206.22998,68.17403,0.01345,0.07380
583.42489,-1654.84378,-92.84853,0.00276,0.20760
1109.20005,-3145.65992,-49.67170,0.03947,0.09966
799.62037,-2266.65735,-74.96319,0.01012,0.25590
1036.00021,-2938.50017,-55.35660,0.02586,0.13501
814.98332,-2310.75021,-73.83746,0.01343,0.24365
1469.28200,-4069.03533,12.34977,0.02353,0.08398
716.17204,-1981.83283,-65.50419,0.00584,0.16792
3360.89894,-9314.64790,208.20793,0.02711,0.01350
555.73668,-1574.95579,-95.12142,0.00097,0.37862
1485.05362,-4112.02715,14.43604,0.00141,0.06940
1040.85560,-2880.56883,-31.74660,0.05534,0.24383
787.83797,-2179.48274,-57.75191,0.00549,0.22849
3085.99180,-8548.31263,181.99062,0.01453,0.04456
1692.68993,-4686.45335,36.95705,0.02499,0.11793
852.91698,-2359.55859,-51.43639,0.00199,0.18442
608.67788,-1682.65266,-76.84143,0.00505,0.28245
1164.11096,-3220.90122,-18.95168,0.02331,0.05807
1579.13286,-4370.83819,24.27431,0.00115,0.05814
2435.83801,-6746.49448,112.97227,0.04112,0.02624
1272.34808,-3522.95120,-7.61580,0.00383,0.07226
7299.11756,-20233.41507,620.70877,0.00357,0.01388
174.04727,-479.36958,-121.99008,0.00178,0.10869
1575.31447,-4374.21068,22.77917,0.00536,0.12838
1581.43819,-4388.45118,23.39863,0.00123,0.11286
730.32728,-2024.14240,-64.44046,0.06965,0.23513
672.09235,-1863.19775,-70.45361,0.00632,0.34950
594.75728,-1648.60238,-78.25853,0.00575,0.19687
384.25736,-1063.58516,-100.12979,0.02682,0.74096
724.26579,-2008.68808,-65.07414,0.03856,0.25867
817.08962,-2266.40713,-55.69133,0.04020,0.03203
1190.25256,-3303.50483,-17.13975,0.01277,0.07535
702.99422,-1948.92277,-67.20724,0.03301,0.11482
890.32141,-2469.95511,-47.81897,0.01097,0.14949
997.83810,-2768.65212,-36.59908,0.00842,0.04723
343.94452,-951.62812,-104.27575,0.02309,0.25592
383.50515,-1061.85157,-100.23178,0.01542,0.37821
1677.37944,-4653.48097,33.59108,0.01118,0.08897
4448.67164,-12623.42101,224.50972,0.01055,0.03569
789.95724,-2188.27405,-58.03676,0.01101,0.18159
1710.10399,-4744.48354,37.85212,0.00497,0.11588
5564.86152,-15441.20945,438.52493,0.00155,0.02955
864.57921,-2396.77752,-49.94836,0.02278,0.27332
738.49364,-2093.56748,-80.09868,0.00529,0.19574
2484.89689,-7050.40258,63.38207,0.00138,0.04998
788.54703,-2235.61183,-75.76915,0.02207,0.26741
765.94205,-2172.56395,-77.77733,0.02672,0.18529
978.43734,-2775.93537,-60.31943,0.00251,0.13883
2444.07332,-6936.99350,60.17658,0.02552,0.03108
1426.96005,-4047.75824,-22.93754,0.02399,0.10638
1386.72290,-3934.56416,-26.34534,0.01418,0.09296
1798.66625,-5104.58610,7.53390,0.00181,0.05172
1291.88022,-3669.68378,-34.74989,0.00662,0.14898
984.26806,-2794.84791,-59.90251,0.00596,0.18523
1948.76741,-5538.21041,19.69129,0.00324,0.08061
1706.61102,-4845.03906,-0.15076,0.00922,0.08475
728.77798,-2069.31520,-80.54330,0.01568,0.29184
470.40861,-1301.58366,-91.10720,0.00374,0.17133
1650.27210,-4578.76051,31.32008,0.00447,0.06327
747.46000,-2073.41701,-62.35831,0.03041,0.20412
2000.92162,-5556.37475,68.30188,0.05648,0.10297
695.27042,-1928.66997,-67.66795,0.00404,0.30031
2516.11216,-6990.34886,122.25019,0.02899,0.05264
787.16408,-2184.33114,-58.42362,0.00411,0.34000
992.29715,-2753.30559,-36.74934,0.03330,0.19033
988.43248,-2808.01029,-59.18400,0.00235,0.10843
3006.36276,-8533.81649,108.28211,0.02780,0.04275
594.22320,-1686.32004,-91.54423,0.01498,0.36714
1205.19931,-3422.39880,-40.82726,0.01094,0.16357
6660.59605,-18909.29651,412.55632,0.00202,0.01661
3892.92488,-11052.51308,182.95794,0.04757,0.04121
2547.85727,-7078.12173,123.82338,0.01059,0.04194
344.76454,-954.19997,-104.13622,0.00128,0.38959
1453.86611,-4037.90105,10.97906,0.00172,0.12464
4977.21086,-14138.00404,271.33530,0.00230,0.02630
2393.68043,-6791.60566,57.21488,0.01147,0.03937
2776.62621,-7712.97346,148.94456,0.00723,0.00688
692.87646,-1922.66519,-67.95215,0.00143,0.13605
759.35003,-2107.89675,-60.90626,0.00249,0.12903
3777.47016,-10488.92281,253.46523,0.00120,0.03431
359.30187,-1019.15659,-111.13874,0.02433,0.46122
867.71861,-2461.80407,-68.78084,0.02206,0.14043
771.59356,-2189.66605,-76.92302,0.00170,0.13148
666.46136,-1892.20741,-85.60813,0.01209,0.14094
5653.64365,-16089.22903,321.18925,0.01693,0.02047
3372.24262,-9598.69761,135.69224,0.01929,0.04452
685.82032,-1950.71289,-84.63057,0.00113,0.32065
5357.94962,-15255.17638,298.73214,0.02302,0.00860
4900.73113,-13953.32889,260.86705,0.00131,0.02873
6671.77184,-18988.22452,408.22758,0.00195,0.00472
4715.44053,-13421.33438,247.66958,0.03721,0.03190
887.76118,-2526.97156,-67.89776,0.00125,0.27104
908.04665,-2582.30831,-66.37207,0.00145,0.21573
2050.78867,-5692.28206,74.36470,0.00118,0.04952
1097.40862,-3044.74239,-25.21814,0.00147,0.14929
146.41206,-402.90345,-124.58869,0.02007,0.17534
426.97234,-1182.10654,-95.25728,0.01774,0.62381
3591.74071,-9975.67181,234.51630,0.00344,0.04165
977.18963,-2780.36000,-60.62402,0.01153,0.19139
883.03211,-2513.68042,-68.48996,0.10184,0.17729
798.49929,-2272.17225,-75.25730,0.01040,0.24853
1006.92612,-2864.35539,-58.54885,0.00177,0.24062
10088.66098,-28710.08419,684.45646,0.01568,0.00098
1997.16538,-5681.79932,22.78755,0.01661,0.04122
735.86680,-2093.30173,-80.63868,0.02526,0.24222
5211.59571,-14831.44680,286.14473,0.01538,0.01922
448.17795,-1274.97086,-104.19368,0.00116,0.11390
651.15286,-1852.93333,-87.58172,0.00262,0.14648
651.36226,-1806.22066,-71.95909,0.02784,0.45584
932.44332,-2653.12659,-64.24664,0.00135,0.08981
1181.70690,-3362.89090,-43.75529,0.04116,0.10414
4817.48628,-13715.93800,255.17844,0.02733,0.01578
630.19228,-1791.01893,-88.94176,0.04413,0.22947
869.09984,-2470.69910,-69.19616,0.00780,0.26800
3294.43191,-9372.10562,131.23020,0.00871,0.02893
1084.48185,-3084.59077,-51.36542,0.00134,0.16742
825.79197,-2348.28852,-72.48038,0.03697,0.28717
718.02665,-2041.95737,-81.45202,0.02153,0.17644
432.59976,-1228.78117,-105.17366,0.00176,0.56078
714.95570,-1981.76780,-65.52718,0.01265,0.17125
878.33474,-2434.72461,-48.31883,0.02397,0.15122
1650.49557,-4580.38400,31.84499,0.02435,0.06872
1902.94903,-5282.10803,58.71015,0.08386,0.06349
674.88588,-1871.43337,-69.58210,0.02482,0.08896
5324.65930,-14768.72526,414.21109,0.01768,0.02543
1508.23206,-4180.56445,17.71873,0.00469,0.13704
215.34757,-610.68469,-123.08598,0.00372,0.91024
529.16098,-1502.69808,-97.16449,0.02018,0.30294
1048.28979,-2905.02246,-30.78644,0.00141,0.07841
239.72086,-660.94784,-114.89494,0.00116,0.76763
2330.76466,-6466.29057,103.05316,0.00703,0.01425
636.25331,-1761.97239,-73.43058,0.03934,0.21344
1599.95339,-4435.70627,27.53921,0.05138,0.07148
2288.87417,-6343.49823,98.51546,0.00902,0.04776
2062.97723,-5718.48851,75.46339,0.03137,0.03512
3435.73304,-9522.42715,220.08383,0.00123,0.04780
1333.76019,-3792.72377,-30.98008,0.03291,0.05545
794.58419,-2260.23543,-75.37159,0.00528,0.19659
3220.03112,-9161.58530,124.80499,0.00258,0.02596
570.15992,-1622.69223,-93.89827,0.00201,0.28393
634.98250,-1807.55045,-88.49494,0.00177,0.26892
1394.24390,-3967.99891,-25.86339,0.00354,0.09880
1633.97158,-4651.06752,-6.06152,0.02244,0.10731
6585.51676,-18747.46974,403.64652,0.00172,0.01682
642.46918,-1829.53717,-87.64760,0.04583,0.30964
492.40065,-1361.13610,-88.26500,0.04059,0.59174
180.60246,-496.78759,-120.97577,0.00676,0.39281
181.47288,-499.19136,-120.85475,0.00558,0.53387
644.92951,-1786.73311,-72.54503,0.00129,0.35399
664.04259,-1840.26748,-70.30942,0.04047,0.38968
247.39172,-682.59246,-113.97465,0.07874,0.94573
705.87488,-1955.32513,-65.85777,0.03191,0.35221
783.88306,-2171.96608,-57.50662,0.03387,0.25899
284.93687,-787.26113,-109.98382,0.04014,0.89483
2835.61604,-8076.30871,92.29012,0.03983,0.05292
2167.64549,-6014.53545,87.60125,0.02994,0.08747
688.94816,-1909.24927,-67.59289,0.03294,0.36106
449.26860,-1279.00153,-103.81475,0.02623,0.42945
3202.65863,-9119.42942,123.94986,0.02605,0.04186
1159.70613,-3301.93873,-44.98030,0.00231,0.18091
681.46031,-1940.37339,-84.58541,0.00338,0.33535
1398.15016,-3877.31829,6.09916,0.03816,0.07087
241.39822,-666.01717,-114.58884,0.08066,0.65120
330.65464,-913.72774,-105.21811,0.00193,0.46996
731.62733,-2027.02127,-63.25697,0.01187,0.32127
945.13590,-2620.59748,-40.88623,0.03680,0.20223
589.00632,-1631.50756,-78.06320,0.00629,0.20958
349.83929,-966.69748,-103.21451,0.02970,0.20991
1772.85697,-4914.13301,46.26443,0.01494,0.06608
3388.03456,-9651.27986,139.20603,0.03096,0.05010
1111.60563,-3080.48464,-23.12782,0.01776,0.16914
1268.88138,-3518.67766,-6.32838,0.03608,0.15456
2658.18476,-7372.62673,139.99421,0.08560,0.04451
470.77770,-1302.67144,-90.24509,0.00393,0.68722
307.06600,-847.89541,-107.56653,0.00191,0.12642
1048.76308,-2904.44149,-29.57258,0.01263,0.21964
666.74740,-1846.15006,-69.78419,0.00982,0.23018
1170.46282,-3244.10994,-16.54274,0.00222,0.18967
1075.36323,-2979.46038,-27.13956,0.08955,0.10236
661.63585,-1830.70686,-70.29990,0.02302,0.24930
-26.05731,76.33727,-142.60960,0.01514,1.00000
804.59340,-2228.96738,-55.15068,0.03323,0.13945
631.72314,-1748.62818,-73.18998,0.01211,0.21972
518.15560,-1433.74990,-85.20518,0.00999,0.48530
2362.18185,-6533.80137,105.01933,0.03296,0.08867
1619.51768,-4477.33394,28.28956,1.00000,0.12598
938.83822,-2594.48116,-42.39163,0.01808,0.07191
221.90917,-609.54862,-116.84823,0.03835,0.12669
572.14273,-1579.75244,-80.38978,0.06635,0.41340
3190.40392,-8827.52635,191.80897,0.00317,0.05792
395.10550,-1089.17105,-98.86021,0.00115,0.43985
242.80475,-667.62096,-114.61510,0.00591,0.38067
1453.16701,-4019.34052,11.25225,0.00535,0.08039
1890.28000,-5379.94834,15.28015,0.04157,0.02387
1850.95473,-5270.72668,11.60088,0.05424,0.06132
424.78072,-1208.69846,-105.75049,0.00211,0.30933
299.45824,-824.05902,-108.74356,0.01022,0.10728
940.84211,-2598.95238,-41.68551,0.02109,0.21137
1363.26638,-3767.05489,2.63830,0.00578,0.10603
1023.31684,-2827.96641,-32.90847,0.00295,0.22779
2059.70857,-5692.96310,75.91945,0.00333,0.10465
2880.41466,-7963.89064,161.96090,0.07940,0.07123
2584.53024,-7359.30462,73.05995,0.02448,0.02484
1332.47299,-3795.22357,-30.78785,0.01748,0.08481
948.21415,-2700.21206,-62.62472,0.00725,0.20286
502.72386,-1429.64113,-99.14569,0.01496,0.48834
2360.40182,-6714.12290,54.87979,0.00390,0.06481
4285.57884,-12192.01457,214.61683,0.00237,0.02714
2757.62248,-7845.37734,88.10905,0.00158,0.06516
560.13476,-1593.20709,-94.33781,0.00652,0.37428
921.19007,-2621.16428,-64.09655,0.01710,0.17995
892.57575,-2538.64969,-66.93637,0.07430,0.22097
1972.57791,-5612.93781,22.32206,0.00292,0.07397
3044.08393,-8412.94002,177.70360,0.00151,0.02260
436.77008,-1204.03856,-94.33874,0.00235,0.57956
966.42173,-2670.15136,-38.80051,0.05413,0.11232
372.26026,-1025.18349,-101.01137,0.01689,0.26803
4995.36643,-13826.53362,381.53950,0.02018,0.02487
199.27715,-547.95504,-119.02030,0.00369,0.14140
773.74307,-2138.67918,-58.88065,0.00161,0.32708
3276.37683,-9072.08330,203.61914,0.09866,0.04809
658.76966,-1820.48054,-70.74616,0.01098,0.34492
1448.32254,-4007.03161,12.10480,0.08734,0.14300
1498.03553,-4144.05100,16.61620,0.00141,0.06998
1790.01356,-5093.99866,7.83914,0.05684,0.04948
549.30325,-1563.11937,-95.30358,0.02896,0.22462
2069.26367,-5891.11898,30.74739,0.00196,0.07949
1171.85238,-3241.76221,-17.38422,0.04232,0.13807
1579.59366,-4496.91271,-9.50061,0.00724,0.07633
1423.86606,-4051.64842,-22.82663,0.00576,0.10637
681.93333,-1938.08443,-84.41969,0.00273,0.19991
1375.42915,-3908.93783,-27.01159,0.04345,0.13238
494.11534,-1403.77224,-99.89623,0.00353,0.34224
757.84135,-2152.56496,-77.90693,0.01003,0.27045
850.68919,-2418.30930,-70.17348,0.00529,0.16884
2902.20295,-8035.16989,162.98251,0.00661,0.02469
395.96378,-1092.37904,-98.50426,0.03006,0.23558
744.94759,-2059.29291,-62.07652,0.00815,0.19798
933.66797,-2582.29599,-42.28739,0.07447,0.13532
1291.64984,-3571.02853,-4.57821,0.02845,0.14810
629.33589,-1738.61368,-73.83254,0.01959,0.41225
405.65308,-1118.15969,-97.35326,0.00116,0.70910
904.43564,-2499.07985,-44.99471,0.00173,0.15825
610.27689,-1684.80882,-75.69616,0.08073,0.42699
7563.70188,-21495.72684,485.37513,0.02704,0.00804
1309.45292,-3721.45644,-32.60786,0.01517,0.14861
1305.69960,-3609.73787,-2.45069,0.00830,0.18624
2156.42250,-6130.59097,38.05203,0.04404,0.07872
824.87012,-2343.97838,-72.14270,0.01242,0.25639
760.77940,-2161.77477,-78.06344,0.01700,0.25117
3065.84157,-8714.04432,112.43790,0.04905,0.01870
832.17698,-2364.26732,-71.88083,0.00119,0.22015
674.36334,-1916.05136,-84.94816,0.00915,0.29305
511.86507,-1453.54525,-98.25832,0.00931,0.17072
1593.74726,-4406.28003,27.56128,0.00356,0.05395
1200.19530,-3318.55189,-14.05141,0.02470,0.11601
521.72370,-1439.52182,-85.00472,0.02382,0.24208
963.09769,-2661.87749,-38.59510,0.00150,0.14287
2267.28945,-6444.24519,47.40920,0.02260,0.07078
1329.02396,-3777.22177,-30.58511,0.03541,0.14055
392.33295,-1114.50888,-108.30582,0.04217,0.20784
1977.68455,-5620.93736,23.54445,0.00319,0.03889
1466.87563,-4170.79908,-19.31360,0.00853,0.08870
1546.35558,-4395.61292,-12.31329,0.04035,0.09320
1301.00925,-3697.86493,-32.45247,0.01484,0.09598
1092.28166,-3102.41126,-50.15673,0.00310,0.18504
926.77676,-2557.82275,-42.99716,0.00824,0.23023
2491.92704,-6885.76524,120.84241,0.07352,0.07211
13600.34481,-37599.88851,1286.06358,0.00298,0.00547
793.76002,-2188.87454,-56.71313,0.00607,0.16132
679.07856,-1871.86489,-68.68965,0.00539,0.29330
620.92869,-1763.20764,-89.11649,0.00699,0.17798
448.16361,-1272.46154,-103.49117,0.01316,0.51507
2886.20596,-8202.79140,99.78598,0.01784,0.04004
938.63922,-2664.54768,-62.59761,0.00272,0.20368
973.64521,-2763.75541,-59.57591,0.00117,0.21185
695.21622,-1974.56963,-82.78870,0.02123,0.29377
1707.68195,-4848.96160,1.89465,0.03378,0.09344
443.60363,-1259.32716,-103.66610,0.02968,0.62444
1392.75544,-3955.95198,-24.55968,0.09432,0.12085
208.55555,-572.29878,-117.98260,0.00214,0.10721
1045.69919,-2970.21930,-53.85418,0.01807,0.17538
933.79957,-2652.06684,-62.90082,0.01727,0.21676
2622.90560,-7244.75013,134.58278,0.03534,0.04832
1232.61693,-3402.07978,-10.75510,0.00493,0.07641
667.52620,-1841.02336,-69.75338,0.09796,0.19418
1700.22853,-4698.11038,38.46967,0.00684,0.07186
774.35407,-2136.49660,-58.35458,0.04336,0.35004
887.83092,-2450.39937,-46.40995,0.01483,0.14099
375.99205,-1034.08900,-100.28096,0.01894,0.77359
1116.44494,-3081.10391,-22.14826,0.00230,0.21211
743.99126,-2051.46044,-61.30624,0.00656,0.28446
558.27297,-1537.54373,-80.99783,0.02907,0.21626
1730.76378,-4924.03362,3.76486,0.00447,0.10093
3536.41777,-10054.32524,154.27345,0.03006,0.03569
1287.55767,-3660.76789,-33.24611,0.01569,0.15930
656.57020,-1866.17867,-85.83380,0.01475,0.22159
700.03356,-1990.79927,-82.20420,0.01269,0.21500
988.56309,-2810.97069,-57.87196,0.03002,0.16302
423.40111,-1202.98618,-105.54365,0.03403,0.77951
617.85963,-1702.72845,-74.84762,0.00533,0.24380
1403.22646,-3872.99277,8.04861,0.00184,0.08277
4062.91220,-11221.94960,288.67439,0.00882,0.00670
1089.93012,-3008.42282,-25.02030,0.03369,0.04503
617.38363,-1703.49989,-75.08598,0.03193,0.34665
659.38393,-1820.18324,-70.54612,0.01295,0.21108
561.62068,-1596.44672,-94.07109,0.01081,0.36571
1011.58383,-2876.32570,-56.55406,0.04119,0.10689
464.59456,-1320.38364,-102.02621,0.00599,0.30557
799.37840,-2207.80365,-55.67163,0.00120,0.21412
2356.46685,-6515.69645,108.54135,0.00438,0.06075
943.82204,-2605.70056,-40.29653,0.04211,0.27853
6968.00959,-19271.04231,595.73581,0.03278,0.01673
597.85837,-1650.06514,-76.69311,0.05745,0.39274
795.02371,-2194.99744,-55.85790,0.01228,0.28285
1378.46951,-3809.51705,5.78048,0.06892,0.16242
4192.06682,-11918.72846,208.28660,0.02420,0.02563
453.16936,-1287.81097,-103.07099,0.00268,0.21226
789.15422,-2243.60293,-74.97147,0.01876,0.26196
2316.15919,-6587.16006,52.99668,0.00126,0.03205
5964.74009,-16491.93245,490.30007,0.04713,0.02453
835.61836,-2374.04570,-70.91550,0.02582,0.24602
1559.90895,-4434.74880,-10.08809,0.00823,0.06644
1095.55336,-3113.60031,-48.92400,0.00151,0.21500
844.06400,-2397.65850,-70.07074,0.05947,0.23058
1400.70083,-3978.69059,-23.36797,0.02430,0.12945
2685.83728,-7630.48980,84.71453,0.00203,0.05997
1247.88513,-3545.83716,-35.66046,0.00135,0.13742
582.19996,-1653.67896,-92.06088,0.02389,0.42982
9867.39909,-28040.51380,686.37722,0.00425,0.00955
761.93689,-2103.98259,-59.45815,0.01346,0.32677
500.62417,-1380.97275,-87.00120,0.02127,0.51250
1218.20184,-3462.11496,-38.36712,0.00764,0.10464
613.08383,-1691.94043,-75.43281,0.00256,0.25159
1333.58194,-3685.73043,0.65617,0.00116,0.09972
1631.94548,-4509.43197,31.57576,0.00907,0.10975
4393.91825,-12152.26812,322.92948,0.05327,0.01402
1726.29183,-4772.34406,42.38775,0.00119,0.06403
1862.61336,-5143.64161,56.73857,0.03141,0.11423
2987.54839,-8256.68560,175.82819,0.07950,0.06334
2297.87388,-6348.36779,102.91886,0.00888,0.07453
571.75458,-1624.35612,-92.55882,0.03907,0.44562
807.37883,-2293.82513,-73.35973,0.00764,0.13858
734.61253,-2086.73536,-79.37371,0.00523,0.26976
1282.61793,-3644.34898,-33.10173,0.00138,0.07655
3766.92426,-10706.02991,175.87683,0.00395,0.02740
353.35606,-1003.85422,-111.16349,0.00481,0.66208
1939.40867,-5512.75014,22.30102,0.00232,0.02731
2206.98035,-6272.72487,45.09626,0.00285,0.05589
1165.71589,-3313.06364,-42.62037,0.05585,0.01856
1338.62434,-3805.58885,-28.13973,0.01991,0.07733
2566.77634,-7334.08975,67.77000,0.03117,0.07241
1452.12769,-4148.00481,-22.82945,0.00591,0.12838
1457.38127,-4164.51133,-22.31486,0.00152,0.12357
1791.29157,-4947.58597,49.48932,0.01494,0.14057
3411.71382,-9423.75264,220.70524,0.00181,0.05198
2458.92262,-6792.11213,120.20639,0.00287,0.08332
1076.93362,-2973.26910,-25.90064,0.00139,0.20138
964.48727,-2662.52846,-37.83946,0.00616,0.22913
485.25682,-1336.92130,-88.50557,0.00256,0.35411
352.43941,-969.87937,-102.51976,0.00688,0.90019
1461.11496,-4036.78560,15.02230,0.00696,0.07941
1233.18514,-3523.35444,-40.27333,0.00525,0.13727
613.01857,-1750.84497,-90.80075,0.00115,0.15012
612.21014,-1689.07354,-75.00195,0.00194,0.40658
1010.18821,-2787.98736,-32.69562,0.00290,0.22693
608.64924,-1678.08470,-75.69261,0.01299,0.40101
1315.07205,-3632.43106,-0.37385,0.01662,0.06924
984.09601,-2722.46643,-36.74488,0.07062,0.20390
1751.67841,-4974.04188,4.82964,0.01689,0.03922
209.18000,-592.95581,-123.41025,0.00537,0.38618
293.97925,-834.21137,-116.28943,0.00892,0.53345
1480.61306,-4205.52172,-17.51631,0.03148,0.09881
1503.53526,-4276.05744,-15.76342,0.04978,0.10595
827.15805,-2361.75629,-73.80104,0.01599,0.15799
1842.57262,-5262.27238,8.88772,0.04748,0.02979
557.30344,-1591.55033,-95.65254,0.00679,0.31636
2111.42336,-6031.88915,30.29285,0.01781,0.03795
1451.00927,-4144.37758,-22.84466,0.00309,0.07370
710.12847,-2027.37672,-83.00625,0.02194,0.32123
313.58049,-894.48033,-115.33045,0.00111,0.69837
509.67274,-1454.49735,-99.22837,0.01872,0.54490
459.37957,-1310.61190,-103.26036,0.00593,0.46053
2330.16074,-6653.62221,50.41426,0.00623,0.06439
846.17410,-2415.09884,-71.67399,0.01648,0.25224
2534.74957,-7022.73575,127.05218,0.00112,0.07125
2371.27326,-6570.28607,109.59235,0.00173,0.09295
1426.29927,-3949.19872,9.58831,0.04884,0.12807
414.60242,-1145.07289,-96.27222,0.00226,0.62042
303.76672,-866.33874,-116.05477,0.00489,0.73316
983.77895,-2807.97804,-60.35232,0.03407,0.19864
1195.41421,-3412.58381,-43.03427,0.01773,0.11364
831.91686,-2375.80279,-72.90655,0.06971,0.16137
555.60407,-1588.25136,-95.49306,0.08065,0.41616
929.86976,-2656.53157,-64.88308,0.00295,0.18169
850.82394,-2353.40764,-50.56318,0.02243,0.11232
703.39401,-1944.98253,-66.00584,0.00284,0.20611
788.83015,-2181.25347,-56.90700,0.00321,0.12975
666.50110,-1841.28251,-69.64402,0.00713,0.29108
1837.38843,-5085.73895,54.05428,0.01135,0.09236
5089.81358,-14093.71939,397.57130,0.01916,0.01513
1672.31480,-4628.44018,36.82105,0.01506,0.05984
8486.75198,-23494.95078,755.73435,0.00809,0.00698
582.42497,-1609.11321,-78.23315,0.01935,0.42720
2325.57368,-6439.37053,105.82081,0.05582,0.05713
1856.56834,-5306.13291,11.72556,0.01714,0.04148
1157.68283,-3308.23257,-46.49586,0.01693,0.20420
739.95278,-2113.81940,-80.30562,0.03043,0.16606
3314.98235,-9172.24532,209.54973,0.01713,0.01375
333.38564,-919.08963,-104.68947,0.04155,0.28473
1791.29373,-4956.03999,49.30977,0.00447,0.07439
489.91619,-1353.10486,-88.08366,0.00134,0.27369
380.45633,-1086.96399,-109.83257,0.00464,0.29928
548.28640,-1566.61707,-95.93861,0.00119,0.38871
1086.06303,-3104.20197,-51.95663,0.05276,0.14440
575.73898,-1645.69700,-93.66265,0.00258,0.22595
1867.64907,-5339.74446,12.32274,0.00291,0.09764
396.87724,-1133.45254,-108.30080,0.01102,0.60626
772.37819,-2137.82313,-58.56987,0.02357,0.18340
815.92653,-2259.07572,-53.68489,0.00137,0.23529
1042.86032,-2888.59531,-29.48903,0.01212,0.06864
754.25876,-2086.98564,-59.97378,0.00409,0.27275
2156.58234,-5974.83537,87.80326,0.05761,0.08945
1345.84091,-3844.80753,-30.27405,0.07828,0.08984
1907.32096,-5446.41951,16.39212,0.04969,0.09216
1253.59075,-3581.97195,-37.57427,0.01145,0.12980
201.48074,-574.78323,-124.29278,0.04134,0.13713
1206.99533,-3447.38619,-41.81126,0.00445,0.09747
863.52192,-2466.96522,-69.47576,0.01103,0.09011
581.85490,-1659.35341,-93.18624,0.02367,0.37656
1322.19490,-3771.85892,-32.54974,0.02279,0.13605
407.03045,-1160.16457,-107.44941,0.00952,0.52191
322.53836,-920.01711,-114.34266,0.02622,0.94096
1064.35105,-3036.60157,-53.47676,0.00341,0.14097
2296.05106,-6551.37576,48.31143,0.00689,0.06576
509.70186,-1453.49970,-98.75975,0.00407,0.39961
3403.91442,-9713.00257,138.89595,0.00894,0.04217
843.22512,-2405.67884,-71.24926,0.04863,0.14840
705.31294,-1950.67559,-65.39924,0.00810,0.15299
508.48518,-1405.54437,-86.22588,0.01444,0.27724
1963.50294,-5440.51477,67.21647,0.05101,0.05951
1812.53526,-5021.34500,51.44796,0.00827,0.03729
2467.85135,-6837.12534,121.14323,0.01086,0.04750
500.27569,-1383.64185,-87.10119,0.01889,0.34883
606.16031,-1676.72486,-75.56982,0.01251,0.12544
1884.88566,-5376.07347,13.63916,0.00305,0.09070
2508.42108,-7152.77982,65.32681,0.06817,0.02447
1683.13855,-4801.04295,-2.75531,0.00185,0.04704
1175.49529,-3353.11255,-44.08870,0.02073,0.07537
4803.42228,-13303.86959,368.98337,0.02050,0.03510
227.35411,-625.49635,-115.74791,0.05948,0.67886
847.33304,-2343.93062,-49.96607,0.00352,0.25253
1095.11543,-3032.49176,-23.58993,0.00231,0.20029
1329.04266,-3678.73218,1.32915,0.00264,0.10701
636.91289,-1761.08454,-72.13449,0.06046,0.35335
941.63403,-2686.11772,-63.08441,0.01175,0.11880
396.70746,-1131.46557,-108.12447,0.00380,0.27528
749.13912,-2137.08580,-79.22498,0.00168,0.15833
577.10040,-1646.32380,-93.39501,0.00269,0.27488
614.79024,-1754.02689,-90.30378,0.00776,0.28575
901.04481,-2569.24268,-66.34727,0.00144,0.22274
1827.88585,-5208.66321,10.26806,0.03376,0.07522
584.33017,-1666.32841,-92.46374,0.02275,0.28601
2510.52885,-7156.02476,67.08372,0.01385,0.05995
1312.83087,-3743.18477,-32.02644,0.00755,0.12174
364.06474,-1037.21336,-110.80147,0.04224,0.74306
1616.48740,-4608.98877,-7.31691,0.01203,0.07151
944.61238,-2692.84190,-62.34746,0.08811,0.22361
589.61022,-1681.56356,-92.06022,0.02273,0.21843
575.96059,-1643.91685,-93.34535,0.04090,0.39972
1622.04143,-4630.23875,-6.84391,0.03792,0.12087
187.84336,-535.92089,-125.33418,0.02021,0.12602
619.45835,-1768.83263,-89.56178,0.00415,0.38031
2792.77272,-7973.60783,90.58223,0.04116,0.03735
545.33396,-1556.42015,-95.60185,0.00257,0.34698
963.56442,-2750.89819,-60.92217,0.00841,0.21789
1475.06923,-4210.45338,-18.40344,0.01477,0.13184
2414.75965,-6891.89180,59.37880,0.00433,0.04287
4077.95765,-11641.87341,197.87416,0.01536,0.02544
1032.03603,-2946.16427,-55.50490,0.03888,0.10621
747.41259,-2133.29951,-78.94615,0.05390,0.10601
1239.65159,-3538.54199,-37.96974,0.00518,0.10147
702.48910,-1942.80486,-65.34402,0.06078,0.10189
343.24492,-947.23442,-103.39763,0.04179,0.37001
3433.98161,-9511.72053,225.43544,0.00116,0.01807
920.48305,-2547.55961,-42.04432,0.00212,0.12164
13661.86613,-37811.15118,1302.48665,0.05482,0.00292
942.45528,-2604.63600,-40.31415,0.01738,0.15788
1151.80031,-3184.48559,-18.02112,0.00719,0.16494
1495.82449,-4271.07301,-17.27072,0.00245,0.06782
691.06441,-1970.99906,-83.55552,0.00148,0.29551
1056.75614,-3013.84535,-52.88082,0.01126,0.18931
752.50729,-2079.45156,-60.17972,0.00790,0.28294
482.58477,-1331.24788,-88.76962,0.00764,0.57282
380.00786,-1047.50930,-99.57336,0.02258,0.83456
1798.00725,-4971.19607,50.78525,0.01185,0.06099
1070.76609,-2959.59922,-26.88524,0.00143,0.19578
526.49508,-1453.34305,-83.97422,0.01410,0.41996
964.50815,-2665.43246,-37.21462,0.00116,0.24800
614.43545,-1752.50116,-89.80115,0.01750,0.13933
498.66362,-1375.95775,-87.12696,0.01086,0.18748
530.14323,-1511.98087,-96.43526,0.00465,0.38372
5494.84973,-15673.31560,314.83377,0.03450,0.02272
1092.43014,-3019.84167,-24.35219,0.01452,0.12453
760.03209,-2099.82272,-59.37742,0.02888,0.23021
2822.56415,-7810.11143,159.41871,0.08603,0.02445
1459.12955,-4034.49693,15.32431,0.01392,0.07377
1177.56697,-3256.49310,-14.89092,0.00405,0.20060
2641.00477,-7305.77408,140.55406,0.01390,0.01864
595.28219,-1643.79470,-76.56511,0.05969,0.14104
1271.30458,-3512.46462,-5.18752,0.01720,0.16922
862.39146,-2381.24342,-47.94840,0.00115,0.27190
813.17501,-2245.35244,-53.10971,0.03369,0.29825
1635.66051,-4521.58061,34.58483,0.04716,0.05912
416.61978,-1148.10769,-95.65037,0.06143,0.65508
1654.87641,-4721.43682,-3.48467,0.00134,0.04622
527.84114,-1505.45477,-96.93735,0.01102,0.24109
1723.16933,-4916.41554,2.44211,0.02603,0.08396
1060.06170,-3023.06402,-52.39798,0.00115,0.06444
579.60717,-1653.66947,-92.65121,0.00177,0.09014
436.04971,-1243.83547,-104.54485,0.00615,0.35497
1944.34764,-5547.75295,21.13042,0.01203,0.02690
1230.75060,-3512.34278,-38.44583,0.00149,0.14119
949.87327,-2713.48536,-62.40538,0.03570,0.14309
541.75756,-1546.98002,-96.37041,0.00935,0.48042
583.02175,-1665.61198,-92.73013,0.02255,0.49775
1085.26787,-3103.86822,-51.94811,0.02643,0.09348
2920.25987,-8354.09899,98.97909,0.00437,0.05777
983.28789,-2811.92706,-59.95932,0.01185,0.21525
401.30404,-1147.75379,-107.74701,0.00379,0.48634
699.85508,-2001.44914,-83.02589,0.04910,0.29834
1175.45501,-3361.35763,-44.25132,0.00441,0.11518
1534.21496,-4239.89712,22.79909,0.00837,0.11760
932.76591,-2575.04648,-40.71303,0.03078,0.15556
1255.26762,-3467.07261,-6.33612,0.08384,0.07777
582.78764,-1666.45205,-92.68430,0.00188,0.37321
1572.13360,-4345.34251,26.93914,0.00936,0.09507
1953.75053,-5401.36228,68.09771,0.01496,0.05993
1071.54816,-2961.48636,-25.83205,0.06188,0.10864
1055.88967,-2919.89365,-27.60576,0.05261,0.22001
4731.62491,-13094.93355,363.20012,0.00974,0.02517
1049.72248,-2902.14538,-28.18743,0.00225,0.22754
251.72202,-692.73535,-113.01870,0.01600,0.10960
656.20102,-1813.35191,-69.92605,0.01022,0.39337
770.37409,-2129.80940,-57.74060,0.03042,0.31619
1367.63821,-3785.01405,5.97504,0.01010,0.12343
667.87170,-1846.35214,-68.76246,0.00632,0.35381
1674.38208,-4633.87223,38.71710,0.01529,0.11451
480.21815,-1326.03985,-88.54451,0.00516,0.53570
521.87798,-1441.35788,-84.05815,0.05164,0.49107
787.51964,-2177.87858,-55.90266,0.00494,0.15772
250.92952,-690.63813,-113.20121,0.00361,0.26630
1605.97399,-4444.09495,30.80950,0.01181,0.06051
1389.35572,-3843.98628,7.87745,0.01513,0.18630
2089.64803,-5974.17849,31.30766,0.00146,0.02478
1765.69391,-5049.16773,4.20091,0.01469,0.05028
4461.34702,-12757.56796,226.63852,0.03516,0.00769
3670.81962,-10499.25319,160.94922,0.04275,0.02155
624.13657,-1784.59223,-89.39643,0.03042,0.16754
286.07714,-818.04601,-117.33119,0.00742,0.55105
4226.67792,-12090.24768,208.71114,0.04033,0.03162
1713.27025,-4900.38002,0.96602,0.00523,0.10938
342.96970,-945.51126,-103.26434,0.08532,0.44821
3006.02096,-8324.88270,180.24362,0.07122,0.01940
279.86569,-770.47003,-110.03909,0.02112,0.87989
598.62507,-1652.47032,-75.88086,0.01440,0.35051
968.65942,-2676.58283,-35.92407,0.00385,0.19514
3191.58661,-9123.52203,123.32633,0.00835,0.04751
1018.04756,-2910.54536,-56.42276,0.00158,0.15876
986.94248,-2820.96644,-58.88538,0.00344,0.22174
434.73432,-1242.08332,-104.64901,0.00124,0.29325
916.59112,-2532.93383,-41.42063,0.00108,0.24958
4447.87317,-12312.98256,335.47662,0.00152,0.00508
1481.61687,-4097.90209,18.89824,0.01774,0.11163
1934.71334,-5530.25623,18.51638,0.02014,0.10717
1058.34389,-2924.95014,-27.01620,0.00114,0.13083
1059.48780,-2928.62061,-26.77065,0.00153,0.09448
357.33749,-984.63668,-101.52017,0.00533,0.34875
1406.70865,-3889.39517,11.16014,0.00115,0.09892
1528.09096,-4204.74881,18.12502,0.01372,0.14988
378.74969,-1038.07900,-100.76832,0.00149,0.83139
664.25022,-1825.28371,-71.16377,0.02473,0.39575
1113.65282,-3063.93126,-24.41529,0.04826,0.22471
889.31306,-2541.08921,-67.40191,0.00115,0.21366
363.73838,-1039.27538,-110.74834,0.01541,0.27951
1907.43834,-5451.41692,17.31435,0.00201,0.04663
3277.08646,-9370.54600,130.70408,0.01309,0.01671
1469.02795,-4198.13135,-18.83761,0.01532,0.05552
300.72155,-823.56091,-108.90070,0.06647,0.40853
1193.79380,-3281.85270,-16.19767,0.01888,0.13695
343.35598,-940.29437,-104.28144,0.00119,0.10209
322.50956,-921.42147,-113.96532,0.00653,0.31373
2170.37435,-6212.92418,38.52359,0.00431,0.07596
1402.51653,-4013.09608,-24.91254,0.01264,0.14816
347.85521,-995.64321,-112.03189,0.00705,0.75495
765.76055,-2191.21009,-77.42121,0.01209,0.09007
1148.88013,-3286.12999,-45.65577,0.00633,0.20708
1286.12694,-3680.55505,-33.93677,0.00671,0.06173
4083.03499,-11685.37985,198.02098,0.01473,0.02212
831.36208,-2379.72080,-71.61268,0.04137,0.25598
1359.89058,-3891.80687,-27.53109,0.01300,0.14072
2326.75491,-6659.31537,52.34144,0.01980,0.06970
1624.38494,-4467.88425,29.40316,0.09275,0.07348
472.90505,-1297.18683,-90.55992,0.00278,0.51817
993.07078,-2732.93018,-36.70408,0.00147,0.26024
552.62984,-1518.10633,-82.47201,0.00487,0.22225
798.64610,-2196.63534,-56.81582,0.01566,0.32312
507.87426,-1394.50668,-87.04677,0.01057,0.52107
1601.08886,-4407.93733,26.86713,0.01839,0.12126
2723.91801,-7793.34422,84.48795,0.01276,0.02863
6674.04570,-19093.18229,412.38539,0.00354,0.00030
682.51066,-1952.55057,-84.30571,0.00788,0.14095
1430.54355,-4092.62119,-21.97853,0.01514,0.11287
883.75657,-2528.65354,-67.47680,0.00638,0.17837
6675.28137,-19099.70795,413.85327,0.01169,0.00484
4190.97760,-11999.32299,206.35474,0.00350,0.01661
1720.58695,-4927.00792,1.94211,0.00146,0.05196
468.85685,-1287.42090,-91.21272,0.02369,0.26262
2278.95595,-6276.18114,98.14723,0.00785,0.05196
870.24525,-2394.52196,-49.10228,0.00294,0.12024
344.73430,-945.89057,-103.96919,0.00505,0.88731
593.43062,-1629.75701,-77.87836,0.08109,0.40442
1030.99589,-2836.30154,-32.04860,0.01773,0.13389
279.79324,-766.18330,-110.65290,0.03259,0.10533
239.76078,-685.81196,-120.96554,0.02723,0.12155
396.09158,-1132.90653,-107.71995,0.07651,0.47643
595.97089,-1704.65985,-91.31862,0.00545,0.33845
1006.20632,-2766.76461,-35.03437,0.00178,0.25195
336.82816,-923.14346,-104.78879,0.00116,0.91188
493.01393,-1352.70093,-88.47110,0.02477,0.18055
494.34897,-1356.32955,-88.17973,0.00650,0.51014
2406.48175,-6624.00325,111.34874,0.01615,0.02676
741.97462,-2039.41003,-62.50363,0.00118,0.16255
1689.28531,-4648.15297,36.76094,0.00136,0.05501
708.32036,-1946.38437,-65.71774,0.00325,0.13137
888.13663,-2441.48363,-46.72683,0.05732,0.27464
6603.10412,-18162.07645,548.00347,0.00282,0.01578
9239.17560,-25414.09278,825.30542,0.01594,0.00521
1335.63382,-3670.79862,-0.47869,0.01806,0.16533
1684.66832,-4817.68265,-0.28193,0.04786,0.04390
678.97483,-1941.53085,-84.19792,0.01285,0.18360
90.91159,-259.70988,-133.25165,0.02612,0.56786
948.13295,-2712.04569,-61.74363,0.03482,0.06804
2219.19757,-6346.71308,44.81293,0.01088,0.03107
770.19841,-2113.40576,-59.50395,0.00116,0.14713
469.71051,-1287.28739,-90.75757,0.04591,0.52161
1528.89197,-4201.10938,20.10283,0.01691,0.15490
1996.86062,-5488.79954,69.17954,0.01909,0.05095
518.15471,-1479.93287,-97.87078,0.05102,0.37860
648.44715,-1779.48351,-72.02823,0.07214,0.26420
1375.46427,-3928.91403,-26.52725,0.00173,0.12409
1102.21124,-3148.25447,-49.34850,0.02455,0.13220
1251.12135,-3574.66987,-36.53900,0.00383,0.16686
680.37838,-1942.98646,-84.12775,0.02221,0.29677
399.22531,-1139.88863,-107.48078,0.02078,0.75619
1412.26906,-4034.14818,-22.68324,0.00126,0.07120
516.27838,-1474.34489,-97.57840,0.00117,0.37681
781.30328,-2143.44458,-58.25109,0.00867,0.35481
2988.40447,-8213.43224,172.54424,0.00379,0.03573
446.71021,-1222.94371,-93.11159,0.02625,0.64244
9731.72369,-26768.35778,879.99165,0.07721,0.00342
232.51017,-634.64523,-115.48896,0.00593,0.12599
1985.08449,-5454.20652,68.27153,0.00209,0.04256
1822.16209,-5004.10247,51.26879,0.02099,0.08863
978.93035,-2687.81746,-37.12075,0.09010,0.15314
1247.54530,-3425.76150,-8.59890,0.00715,0.16871
897.11913,-2561.57004,-66.21119,0.00303,0.15074
633.10583,-1808.03041,-88.25436,0.06204,0.33130
1277.69906,-3649.73644,-34.32830,0.03561,0.10742
650.66624,-1783.54338,-71.81468,0.00789,0.16028
246.01802,-671.11683,-114.07095,0.01150,0.59620
356.68955,-975.72242,-102.53912,0.00983,0.41561
2746.36237,-7845.26414,87.92801,0.03689,0.05753
1797.40987,-4938.28807,48.79303,0.01196,0.12152
5757.00410,-15830.86416,464.69458,0.00473,0.00525
5317.38164,-14610.64549,417.64214,0.06494,0.02690
1532.14257,-4213.59032,20.86437,0.00115,0.07382
410.20331,-1123.98179,-96.80425,0.02986,0.35539
1436.10276,-4100.81331,-21.33567,0.00205,0.07162
437.80700,-1249.80439,-104.34201,0.01020,0.20624
342.40987,-977.74624,-112.37662,0.00117,0.61519
10278.48984,-29365.31906,717.07760,0.03901,0.00727
810.69960,-2316.44670,-73.12036,0.00312,0.28449
647.32947,-1848.44143,-86.61344,0.00455,0.31041
3636.40603,-10378.70447,163.40315,0.01497,0.01589
1066.66982,-3044.91603,-51.40583,0.00918,0.18759
584.17709,-1667.62375,-91.82032,0.01665,0.29709
4982.10881,-14226.78418,277.16863,0.04342,0.02437
520.41715,-1486.15620,-97.20130,0.00867,0.51102
605.06404,-1726.99546,-90.38901,0.02844,0.39014
897.62972,-2561.94163,-65.62055,0.02925,0.17469
943.24976,-2592.82368,-40.87290,0.01368,0.09450
756.82746,-2076.81655,-60.31920,0.00247,0.23600
2030.78503,-5583.12507,73.67072,0.00467,0.09525
884.46550,-2427.67324,-46.62338,0.00120,0.23521
3192.24681,-8779.36277,197.20776,0.00138,0.05806
862.69845,-2369.62425,-48.83036,0.00596,0.29075
1561.51087,-4458.30497,-9.58653,0.09847,0.13252
1550.02210,-4422.74582,-11.24106,0.00579,0.06312
1024.36170,-2923.23023,-55.28935,0.05259,0.09447
1710.08849,-4879.89210,2.26136,0.01606,0.04837
2652.85250,-7571.30672,81.98992,0.00118,0.02931
1804.06084,-5149.47273,10.54600,0.02554,0.04096
925.61512,-2643.02666,-63.27835,0.00116,0.15173
627.00672,-1789.80704,-88.13040,0.04048,0.11838
283.82060,-809.79077,-116.89523,0.00145,0.10809
2434.20913,-6692.60342,116.11685,0.01407,0.03019
1791.49060,-5120.58637,8.51571,0.05077,0.11289
508.84116,-1454.08571,-97.89554,0.00141,0.43960
963.96652,-2755.85262,-59.92023,0.06403,0.23043
446.77037,-1276.41936,-103.17434,0.04897,0.56027
1046.45385,-2874.33894,-29.74817,0.01648,0.21443
1166.24411,-3205.14350,-16.94842,0.01657,0.10648
2575.69783,-7085.45517,131.68783,0.02695,0.04189
414.30767,-1135.47504,-96.15457,0.00376,0.43660
265.27875,-724.98235,-111.78663,0.02046,0.44658
518.21695,-1481.33421,-97.41067,0.00210,0.45984
497.74453,-1368.67855,-87.76086,0.02335,0.59971
843.01969,-2319.15287,-51.64409,0.00626,0.17900
997.65933,-2746.41482,-35.41804,0.00434,0.12578
1633.35451,-4501.61245,31.29920,0.01090,0.05279
894.17879,-2461.56045,-45.98891,0.00271,0.27789
1534.29545,-4227.66562,21.13132,0.00185,0.05956
881.26212,-2425.70415,-47.56871,0.00270,0.12298
1076.65001,-2965.48973,-27.38865,0.01403,0.22560
1718.78742,-4732.16171,40.52517,0.02951,0.12764
1009.07321,-2775.82506,-33.96618,0.02538,0.21635
1109.06015,-3053.75190,-23.21054,0.00183,0.22416
983.09061,-2705.84632,-36.31566,0.00476,0.25260
1512.33966,-4321.77128,-14.34108,0.06745,0.06393
291.05746,-831.29131,-116.33668,0.01673,0.30238
772.60517,-2208.22437,-76.24692,0.08812,0.15189
632.16230,-1806.58196,-87.84464,0.01454,0.12156
2466.50966,-7048.93069,66.63497,0.00872,0.03194
4185.51266,-11966.13764,209.62930,0.00241,0.01486
1757.64078,-5025.14099,6.49001,0.09303,0.02449
1610.07927,-4602.95230,-5.61270,0.02279,0.05419
611.38982,-1748.12219,-89.50972,0.06698,0.21937
767.56299,-2110.86937,-59.35230,0.07889,0.14738
2190.53126,-6257.27113,43.85968,0.01995,0.05634
1775.82209,-5070.74746,9.02259,0.01293,0.10160
631.78734,-1736.84098,-73.49306,0.00299,0.09541
15526.09612,-42790.74518,1496.35046,0.02162,0.00295
643.68080,-1771.48195,-72.39647,0.00540,0.42574
811.40502,-2234.69365,-54.69365,0.01226,0.20850
581.42645,-1599.38545,-78.65750,0.01488,0.51026
407.92176,-1120.80171,-96.85896,0.00547,0.63114
1599.68257,-4408.42649,28.03817,0.01532,0.11263
2520.58517,-7200.27443,71.83425,0.01314,0.07407
556.34705,-1588.75324,-93.63500,0.01625,0.41848
1820.96441,-5022.98031,51.62804,0.00461,0.11858
2336.51706,-6441.48604,105.46754,0.01424,0.02482
943.86415,-2600.51779,-40.80136,0.02124,0.22511
1369.66636,-3912.50855,-25.86243,0.02861,0.06679
1192.10013,-3404.55426,-40.43888,0.00198,0.08466
1979.32675,-5653.58659,26.15440,0.00136,0.08252
1595.05164,-4555.19927,-6.06362,0.00192,0.04301
907.62947,-2593.10248,-64.02224,0.00307,0.11083
434.82526,-1241.73521,-103.89240,0.03534,0.33252
2737.27575,-7823.80710,90.17204,0.02155,0.04169
467.10162,-1330.63192,-102.13533,0.00274,0.45882
1535.77682,-4376.45181,-13.29643,0.00496,0.11120
1483.29783,-4227.65712,-17.22885,0.00968,0.10688
4455.36718,-12290.45952,330.34130,0.00116,0.02977
775.29379,-2133.89764,-58.13875,0.04585,0.21388
2319.48540,-6392.37663,104.83629,0.02322,0.07540
443.30909,-1218.30431,-93.03093,0.05435,0.59985
4187.54865,-11538.24126,302.07570,0.01196,0.03156
1937.84620,-5341.82092,65.06714,0.00554,0.07176
553.79621,-1577.37126,-94.65320,0.00276,0.36102
885.68213,-2523.75662,-66.91599,0.05125,0.24966
523.15092,-1490.48829,-97.45442,0.00471,0.51677
928.65605,-2644.74816,-63.87162,0.00164,0.20579
1275.21497,-3632.45109,-34.80608,0.01684,0.13274
445.83432,-1269.33012,-103.73281,0.00430,0.48086
2115.48371,-5830.47943,83.04664,0.00768,0.06976
1576.47776,-4491.82648,-10.12573,0.00379,0.11646
1008.45440,-2873.00170,-57.15222,0.00230,0.12003
1705.02280,-4857.63688,1.19201,0.01334,0.04339
763.75081,-2176.93006,-77.24889,0.07316,0.16663
2043.01973,-5818.51991,29.52416,0.00215,0.08778
1618.32837,-4610.15429,-5.75675,0.08655,0.12272
5183.03022,-14759.17120,291.96972,0.00655,0.02354
1761.80307,-5016.90617,6.27109,0.00596,0.05566
1220.47390,-3474.45817,-38.48528,0.00145,0.18221
1385.93018,-3947.34692,-24.79380,0.02336,0.09789
3423.61985,-9789.55337,147.06437,0.00318,0.01140
556.46332,-1589.15609,-94.06372,0.01001,0.14251
5324.80678,-15208.05174,306.64982,0.00155,0.01550
4969.72001,-14195.76187,276.77339,0.00376,0.01212
445.01830,-1270.38746,-103.35721,0.05925,0.66258
638.26557,-1823.05259,-86.95714,0.01844,0.33405
7541.66956,-20789.34593,657.43467,0.06399,0.01027
139.80474,-380.76568,-125.04145,0.01609,0.12782
1705.24402,-4698.43117,40.96704,0.00858,0.05753
1248.94473,-3438.48967,-8.06829,0.09516,0.19618
1231.96371,-3388.77953,-10.34964,0.00327,0.10959
633.25667,-1739.74556,-73.29528,0.00543,0.41398
5541.02041,-15263.93859,443.74204,0.01219,0.02324
5271.93749,-14516.19415,416.50494,0.00221,0.00597
3253.26838,-8958.27170,203.69025,0.01998,0.02163
653.09285,-1794.92629,-70.85009,0.00395,0.37961
330.13188,-904.03596,-105.06248,0.00593,0.84666
313.88807,-859.77390,-106.66812,0.00142,0.75900
1746.36799,-4806.16351,44.26274,0.00405,0.07814
1312.67423,-3612.13285,-1.25679,0.01049,0.12342
1987.17104,-5464.72267,70.03834,0.00715,0.05603
333.06912,-912.16392,-104.63576,0.00127,0.88536
1011.21837,-2778.53871,-32.82918,0.00115,0.24618
1540.06290,-4235.29125,23.17716,0.01496,0.13441
3522.24844,-9696.95689,233.23971,0.00132,0.04879
1264.46647,-3475.67367,-5.84723,0.00130,0.10651
1347.78572,-3705.35736,2.90295,0.09447,0.15265
506.56658,-1389.48610,-85.99714,0.04103,0.45700
1296.51635,-3564.44065,-1.94015,0.00119,0.12731
690.85824,-1966.30988,-83.31791,0.08899,0.29140
1152.87522,-3281.38322,-44.72199,0.00357,0.10765
1619.63337,-4611.23884,-5.83307,0.01071,0.06992
767.72646,-2184.95899,-76.73577,0.00812,0.13806
955.78051,-2720.87567,-60.78388,0.04595,0.12409
877.45555,-2498.69152,-67.40500,0.00135,0.10704
1738.60469,-4956.70949,4.07566,0.00120,0.08083
837.72278,-2387.37351,-70.90378,0.00159,0.19990
2783.25226,-7935.40917,91.50901,0.04466,0.05525
844.09556,-2405.71863,-70.22636,0.01975,0.19846
3786.33096,-10797.13778,175.99616,0.01843,0.03772
2163.19912,-6165.76753,40.30446,0.00423,0.07329
792.03447,-2257.26911,-74.32383,0.00766,0.23407
4511.11494,-12409.19310,337.62770,0.00334,0.01937
1628.28182,-4476.65224,32.90295,0.00115,0.15525
827.02196,-2272.11615,-52.11671,0.01893,0.19168
441.03099,-1209.52782,-93.03633,0.01605,0.43622
468.15511,-1333.85906,-101.57122,0.00666,0.59730
1784.92043,-5087.63131,8.90956,0.00193,0.08521
816.48965,-2326.73768,-72.33676,0.00809,0.25765
437.69533,-1247.25277,-104.35512,0.00879,0.51876
1099.33231,-3134.38595,-49.07739,0.07022,0.16105
683.14122,-1947.61181,-83.71493,0.00839,0.30673
1788.68406,-4925.12877,49.64456,0.03413,0.09039
1330.01397,-3659.40759,1.13971,0.00861,0.16550
487.80012,-1339.51401,-88.10538,0.00447,0.46433
635.08973,-1745.76841,-72.45031,0.01881,0.33839
853.50222,-2348.41952,-49.15155,0.01259,0.15293
3035.15946,-8365.15956,181.69581,0.01370,0.06071
1649.80179,-4541.56130,34.94685,0.00116,0.09940
4424.28212,-12608.28957,228.91123,0.00429,0.01407
2293.89493,-6541.53287,50.73044,0.02106,0.04048
690.57701,-1968.78575,-82.80074,0.00237,0.12090
999.85183,-2850.66400,-56.76454,0.02045,0.09556
542.04644,-1489.12509,-82.17208,0.00116,0.42850
3418.67184,-9423.08366,222.47916,0.00175,0.06427
358.58969,-1020.97921,-110.69277,0.00333,0.65772
1091.73671,-3111.97580,-48.91994,0.02453,0.16752
1793.68245,-5110.55847,10.14006,0.00136,0.07141
1078.01182,-3071.67365,-50.02953,0.00624,0.15582
343.89578,-979.25724,-111.74674,0.02187,0.51826
1015.69695,-2894.43505,-55.64955,0.08576,0.16018
615.71644,-1692.20747,-74.79278,0.08659,0.24962
351.85388,-1001.39547,-111.17446,0.00454,0.31076
1861.79957,-5305.06581,15.37428,0.02329,0.03646
1718.63085,-4732.78145,42.92020,0.09247,0.04714
2386.43448,-6573.42794,114.03407,0.01128,0.02274
1458.37275,-4015.12654,15.46141,0.03689,0.05021
890.14855,-2447.11300,-45.33998,0.00449,0.20395
808.77115,-2222.75005,-53.83225,0.00936,0.30579
309.66949,-847.86503,-106.85493,0.08029,0.80984
438.25236,-1202.00095,-93.10254,0.03843,0.77336
1668.64994,-4753.00723,-0.31380,0.01976,0.06324
2619.24428,-7464.28829,79.51005,0.00225,0.03491
1446.71257,-4123.32753,-19.06002,0.00564,0.08641
1234.86289,-3519.79260,-36.72035,0.00134,0.09720
156.94258,-445.65359,-127.64475,0.00245,0.20317
2416.22292,-6877.30613,61.71384,0.00115,0.05931
1414.02648,-4022.12045,-22.09555,0.02372,0.12063
1592.22594,-4531.08074,-6.28888,0.01120,0.11778
694.50657,-1976.52518,-82.26227,0.06207,0.31830
957.19734,-2630.73473,-38.04314,0.00199,0.16608
1233.47264,-3393.19653,-8.74481,0.01388,0.06146
482.04567,-1323.00840,-88.41233,0.01227,0.43500
836.73101,-2299.86206,-50.44380,0.00464,0.06624
416.69349,-1143.59099,-95.46460,0.01283,0.22425
595.24951,-1635.27646,-76.35066,0.01295,0.16857
381.71334,-1085.79730,-108.97876,0.01300,0.57771
784.44677,-2231.41482,-74.68599,0.04079,0.31584
1578.35117,-4493.21353,-8.35279,0.01112,0.10207
1853.94694,-5276.88049,15.49585,0.00199,0.05845
993.12345,-2824.81753,-57.58877,0.00407,0.14552
1477.22919,-4203.30428,-17.21767,0.00180,0.06288
1582.03923,-4501.93462,-8.27712,0.00335,0.12289
925.44133,-2632.39983,-63.11006,0.01958,0.19822
1025.89258,-2813.65148,-31.59781,0.02722,0.13902
1123.93707,-3083.66458,-21.40872,0.02129,0.22824
436.86171,-1242.63770,-104.22429,0.01063,0.25253
2589.85377,-7368.75430,76.86648,0.00435,0.03209
670.68446,-1908.91651,-84.33696,0.00215,0.22248
1335.21061,-3797.11896,-28.31618,0.00546,0.09415
993.49795,-2824.89835,-57.03554,0.00789,0.13632
802.89663,-2282.39968,-72.98197,0.08687,0.13578
4410.94365,-12541.16864,232.02281,0.00278,0.02173
780.54152,-2219.04104,-74.76449,0.00731,0.16233
1275.56028,-3627.60620,-33.37792,0.00116,0.12034
1662.92367,-4563.41944,34.87379,0.00614,0.11353
213.08823,-580.25658,-117.46677,0.03267,0.73579
1626.64601,-4464.31032,31.34954,0.01600,0.09294
2314.38578,-6354.37812,104.31503,0.00402,0.02873
2389.31816,-6561.48191,112.09302,0.07135,0.01602
1448.84418,-3974.99518,12.96537,0.00384,0.15946
1400.34996,-3842.17296,7.94190,0.07915,0.06072
2016.75634,-5533.93257,73.21180,0.03825,0.05865
1618.85164,-4603.47611,-4.55582,0.01353,0.10823
1669.47382,-4747.76518,-0.26070,0.02784,0.06999
581.90359,-1592.57979,-78.20025,0.00520,0.28923
893.02688,-2538.67032,-65.17089,0.00352,0.22407
2334.10940,-6640.96486,55.97120,0.01276,0.06939
1041.81021,-2963.40899,-52.64080,0.00551,0.17219
2751.35730,-7827.40223,92.05269,0.00550,0.05539
477.57374,-1310.98994,-88.80339,0.01762,0.19440
527.27730,-1443.81601,-84.38224,0.01232,0.35094
803.06417,-2201.42535,-55.25654,0.01337,0.16164
2080.54239,-5709.94877,79.27962,0.06989,0.02774
992.91600,-2722.01126,-35.23843,0.00202,0.12160
3160.02818,-8675.62424,194.75981,0.00115,0.02445
382.76362,-1047.40281,-99.52060,0.03313,0.76274
760.53687,-2086.38357,-59.39468,0.00671,0.35250
1008.67666,-2769.55273,-33.10872,0.01379,0.14126
768.44091,-2107.00309,-58.49995,0.01935,0.32924
430.56428,-1179.31035,-94.21838,0.00143,0.64953
1253.47879,-3441.50089,-7.29589,0.02130,0.10048
602.73953,-1652.32904,-76.12936,0.00834,0.42747
604.09212,-1656.12602,-75.68191,0.00555,0.43825
480.25822,-1315.74032,-89.14242,0.03910,0.57647
1417.01850,-4027.53132,-21.08944,0.00505,0.08847
2356.73158,-6704.03871,58.57931,0.00184,0.04036
982.63819,-2696.75986,-36.07449,0.00145,0.19327
786.41611,-2157.39800,-56.57861,0.00756,0.11660
753.56338,-2068.25308,-60.07954,0.00383,0.15946
577.56905,-1582.38763,-78.59953,0.00355,0.52786
2387.61945,-6558.40739,113.33221,0.00581,0.09801
912.73017,-2502.74859,-42.56777,0.00435,0.26484
1655.49908,-4544.70148,36.59488,0.04801,0.07781
5549.18347,-15797.01341,327.95197,0.01946,0.02820
959.22255,-2729.53328,-59.68152,0.00281,0.20274
580.70841,-1590.94417,-78.11701,0.01483,0.48224
553.90818,-1516.75312,-80.88988,0.00250,0.16027
467.40380,-1279.48749,-90.00763,0.00116,0.26287
316.97668,-865.88329,-106.17272,0.04844,0.49814
3593.80670,-9873.03210,241.98173,0.05992,0.04538
912.29244,-2498.47704,-43.27344,0.02208,0.24344
1524.60141,-4178.33252,21.86932,0.00266,0.11418
709.81859,-1943.50688,-64.32946,0.01234,0.35461
589.87844,-1612.87434,-77.25888,0.00165,0.52248
4312.00618,-11830.51364,316.81756,0.01449,0.04028
1218.26930,-3336.38749,-10.48222,0.03147,0.20080
1584.23791,-4342.00379,28.75297,0.01344,0.14403
710.88048,-2024.19616,-80.70040,0.03058,0.24889
540.19496,-1537.13271,-94.99229,0.01089,0.32750
549.01887,-1499.97196,-81.33651,0.00816,0.47284
3291.56544,-9022.81584,211.13234,0.05001,0.04584
1556.44528,-4432.69807,-9.18734,0.04926,0.11542
413.57464,-1128.88891,-95.81088,0.08429,0.37599
693.60089,-1897.11986,-65.83378,0.00555,0.29762
818.18042,-2241.99354,-52.66070,0.00221,0.27566
1485.91749,-4075.29958,18.37264,0.00116,0.15141
684.05494,-1873.39396,-67.00287,0.01570,0.22794
351.65603,-960.95145,-102.25286,0.01133,0.80130
1249.95962,-3428.41574,-6.09383,0.02204,0.20056
583.02126,-1596.24600,-77.64817,0.05712,0.38863
619.35769,-1695.38669,-73.63313,0.00321,0.31895
680.70865,-1864.90038,-67.34070,0.02116,0.39188
709.86294,-2020.37764,-80.94280,0.00529,0.16186
1257.62286,-3580.31166,-34.65355,0.00137,0.07341
1175.75016,-3347.70035,-41.59955,0.01790,0.04780
1062.67533,-3026.16273,-51.08620,0.05757,0.18101
3831.68931,-10914.67832,182.42599,0.04401,0.01822
1190.08955,-3388.37368,-40.11436,0.07249,0.04524
2032.65848,-5575.43768,76.76669,0.01584,0.04248
628.30846,-1720.79936,-72.99684,0.00167,0.14961
1730.12386,-4748.74446,44.79503,0.01897,0.04319
833.17147,-2281.25720,-50.76747,0.00637,0.28241
863.90962,-2366.65814,-47.13032,0.03460,0.28713
1007.15379,-2758.35973,-31.79355,0.05639,0.23126
475.71614,-1354.12267,-100.57269,0.00160,0.30110
1539.45363,-4383.74571,-10.61636,0.01079,0.03965
544.61173,-1550.05124,-94.64050,0.00656,0.28646
1662.54497,-4734.00421,0.15244,0.03099,0.04118
3007.04755,-8566.12040,113.85645,0.05850,0.02901
1008.17314,-2868.76062,-55.35003,0.06544,0.20955
3349.25234,-9530.36611,143.04839,0.00198,0.02700
530.05399,-1507.04788,-95.67610,0.00647,0.36952
1880.92713,-5351.16343,19.42195,0.09773,0.09804
777.79949,-2212.68874,-74.38913,0.00115,0.24986
557.87099,-1586.41322,-93.41041,0.03517,0.35782
603.37018,-1655.14812,-75.77567,0.02521,0.25936
2505.67466,-6887.86725,126.30357,0.00723,0.08118
1084.87317,-2978.65169,-24.61180,0.03528,0.15068
514.63128,-1410.21591,-85.11187,0.01656,0.54560
830.97668,-2280.54373,-51.38270,0.01061,0.31961
2793.26510,-7680.58941,158.07387,0.04967,0.02103
674.93390,-1852.08553,-67.88721,0.04138,0.34199
274.53212,-780.27151,-117.40142,0.04089,0.99956
1600.46243,-4400.93948,30.34699,0.02703,0.04761
1066.63218,-2929.00017,-26.30792,0.00110,0.19063
745.59203,-2044.88579,-60.32709,0.00463,0.30423
7506.51982,-20634.76842,659.91669,0.00653,0.01868
3463.27797,-9522.78507,229.90763,0.01388,0.01865
1133.91009,-3114.00057,-18.72394,0.00142,0.15921
2402.85318,-6602.93717,117.16971,0.00632,0.08484
2330.34416,-6404.55355,109.49328,0.00293,0.07569
1046.13662,-2977.76283,-51.96251,0.03416,0.18473
822.19059,-2255.06946,-52.01543,0.00258,0.20917
7301.92362,-20072.93982,641.79253,0.02472,0.00824
567.30966,-1613.69975,-92.25137,0.02304,0.51900
1620.60792,-4609.30631,-3.11087,0.01587,0.07453
723.15131,-2057.13209,-79.40920,0.06509,0.19610
737.07002,-2096.70214,-78.05059,0.00220,0.15094
677.28949,-1927.40169,-83.32033,0.04552,0.18863
1971.20735,-5610.09234,26.68877,0.00241,0.07367
984.88568,-2803.03539,-57.11398,0.00172,0.09991
522.02563,-1485.60064,-96.41885,0.01471,0.34773
2732.84635,-7778.53821,92.02828,0.00180,0.04791
2447.41849,-6965.40500,68.16356,0.05851,0.03619
1063.46729,-2917.65315,-26.34216,0.00419,0.16097
457.47491,-1304.96895,-102.36465,0.02661,0.51092
744.07836,-2040.41923,-60.30199,0.00115,0.23324
1068.53394,-3048.89934,-50.93370,0.00116,0.09445
876.08328,-2498.40104,-67.17430,0.05271,0.18603
1375.94170,-3925.82365,-24.68426,0.04519,0.10703
611.67407,-1744.99357,-89.17686,0.00283,0.32749
2329.08060,-6643.40221,55.76193,0.01169,0.08342
761.56594,-2172.60524,-76.41192,0.07435,0.22113
1039.64592,-2965.92990,-52.98822,0.02616,0.16923
5077.80641,-14488.97207,288.21340,0.00162,0.01653
877.76451,-2503.88212,-67.15458,0.03336,0.22180
825.98208,-2356.03375,-71.37973,0.02612,0.24392
796.55345,-2184.88530,-54.67919,0.00115,0.16107
1405.62302,-3859.68203,10.50467,0.00316,0.05764
621.68941,-1704.61570,-73.40615,0.01305,0.22425
3005.23233,-8574.13721,111.57809,0.03013,0.02208
363.21110,-1035.85965,-110.28695,0.00126,0.59035
477.92228,-1363.36456,-100.66598,0.00146,0.42351
1112.75801,-3174.32379,-47.06735,0.01289,0.06793
1119.09845,-3190.96651,-46.40912,0.00320,0.15475
528.11683,-1505.27185,-95.98616,0.00311,0.40202
13826.88903,-39437.81632,1031.64929,0.01401,0.00331
1425.44584,-4064.64796,-19.76265,0.02200,0.08446
1008.10132,-2873.77904,-55.08643,0.00121,0.14118
738.65495,-2104.54005,-78.21354,0.05654,0.18951
1044.48102,-2976.39653,-52.34866,0.00441,0.17824
4821.32273,-13257.30037,375.94579,0.02557,0.02330
459.34668,-1258.10499,-90.78961,0.00115,0.12716
781.93717,-2145.76045,-56.36134,0.01880,0.28198
12009.33351,-33056.48077,1139.51767,0.02634,0.00764
880.70570,-2419.57753,-45.65997,0.00363,0.25477
1056.65115,-2903.21743,-26.81951,0.01046,0.21521
2007.43627,-5521.62036,75.51860,0.05656,0.10739
619.50873,-1765.54046,-88.11259,0.00220,0.33809
1261.77824,-3596.38606,-34.12020,0.00221,0.12454
408.32881,-1162.99452,-106.16836,0.01199,0.63767
2341.58771,-6677.21587,56.80711,0.08595,0.04150
1664.59778,-4745.76384,-0.06691,0.02665,0.05082
1110.58071,-3165.30984,-46.67430,0.01030,0.17395
8682.83856,-24763.54606,592.76333,0.01806,0.00794
561.94591,-1602.09796,-93.25760,0.00697,0.21568
651.97037,-1858.76013,-85.58245,0.04528,0.12147
2339.55465,-6669.90022,57.84174,0.00309,0.03065
1117.30601,-3071.26330,-19.92448,0.02344,0.21105
3953.73249,-11286.57606,193.31213,0.01368,0.02310
1290.99608,-3686.05101,-31.59457,0.00137,0.14269
3935.56957,-11238.87119,192.44138,0.02001,0.03343
692.13324,-1975.51762,-82.12817,0.02447,0.29630
546.90248,-1561.71617,-94.38192,0.00116,0.28135
1829.40211,-5224.26018,13.94312,0.02199,0.09664
1804.21791,-5151.45421,12.77864,0.00587,0.07964
796.32604,-2187.11726,-54.59416,0.03691,0.20688
866.79546,-2382.72138,-47.14568,0.00150,0.26573
3145.57235,-8656.89946,197.36746,0.01299,0.03704
623.36628,-1710.55239,-73.26529,0.06850,0.22260
480.71939,-1318.25686,-88.33332,0.00420,0.28477
1167.49486,-3210.14919,-14.71781,0.00113,0.15285
844.08437,-2317.52443,-49.37340,0.01265,0.17644
536.10130,-1529.89042,-95.54627,0.00115,0.37740
901.10331,-2473.33036,-43.08102,0.06639,0.19007
583.10584,-1598.75105,-77.24699,0.00117,0.44190
1117.06750,-3068.87109,-19.57040,0.00619,0.19458
1346.81662,-3699.48769,4.70493,0.01129,0.17175
726.89842,-1995.14413,-61.83024,0.02525,0.32005
1632.21917,-4660.94675,-2.40116,0.01446,0.10685
784.00152,-2239.04998,-74.30262,0.00138,0.23094
1169.27308,-3211.82779,-14.42262,0.03620,0.07224
826.54415,-2269.24144,-50.96323,0.02668,0.11324
1712.46214,-4706.55807,44.47332,0.00118,0.04962
1701.83275,-4678.28733,43.06210,0.02139,0.04476
1239.17497,-3405.46756,-6.46884,0.01432,0.12727
373.73900,-1023.67076,-99.74040,0.00422,0.35767
1007.35439,-2763.66834,-32.18605,0.04137,0.24741
728.67131,-1998.14069,-61.80347,0.00789,0.36619
1015.14175,-2786.15928,-30.96798,0.01105,0.13871
1543.61364,-4235.40230,25.63109,0.00228,0.08833
2413.57126,-6625.78407,119.32559,0.00325,0.06475
694.50368,-1903.41922,-65.14661,0.01139,0.26735
583.71409,-1599.15361,-77.33254,0.00120,0.34528
156.28087,-424.39826,-123.05376,0.02982,0.21359
2419.05433,-6908.90897,63.95252,0.02661,0.02261
300.48632,-857.56788,-115.26274,0.00187,0.93155
382.40796,-1091.67972,-108.31420,0.01370,0.59988
240.70085,-686.91998,-120.28577,0.00155,0.37813
1137.67083,-3245.59410,-44.18019,0.00946,0.17266
6434.49801,-18356.75041,405.96418,0.00164,0.01420
3775.92153,-10775.97713,181.00420,0.03450,0.03190
428.28855,-1221.24261,-104.08898,0.04868,0.64668
443.87249,-1265.20083,-102.94734,0.00450,0.72234
2431.54230,-6938.22900,65.68117,0.00413,0.06841
1751.54014,-4806.46575,47.71892,0.00114,0.03250
1653.18641,-4537.25115,37.05242,0.02354,0.07200
4986.00914,-13692.87270,394.91107,0.02201,0.01884
752.70156,-2062.92112,-59.03213,0.00183,0.29620
1790.58022,-4916.32854,51.67887,0.03769,0.05439
588.62826,-1612.30235,-76.59993,0.06809,0.18571
1096.23052,-3007.96785,-22.48557,0.01026,0.09526
420.74754,-1151.40323,-94.55105,0.02173,0.23305
1052.39520,-2884.89865,-26.94780,0.06035,0.17636
497.94645,-1362.53679,-86.32637,0.01836,0.27995
369.34594,-1009.39616,-100.10912,0.05558,0.66431
806.59692,-2210.08414,-52.91382,0.01294,0.23748
440.26650,-1203.57936,-92.43233,0.00897,0.32691
989.56123,-2711.37249,-33.43721,0.03383,0.25978
10467.12186,-28735.18895,984.24264,0.00576,0.00122
1173.65257,-3346.65360,-40.65941,0.02607,0.14809
791.51522,-2258.07378,-73.24485,0.00461,0.22906
940.04132,-2576.76937,-38.85806,0.00106,0.25281
2483.13381,-6813.85431,128.20983,0.01822,0.08249
1316.48778,-3755.69111,-29.19610,0.00415,0.07029
5411.82843,-15433.57114,320.46988,0.00300,0.00862
567.29003,-1618.05213,-92.36821,0.00901,0.10502
180.73927,-515.29350,-125.36201,0.01043,0.92302
1013.54502,-2892.91780,-54.41430,0.01672,0.13613
922.18294,-2626.68709,-62.57260,0.03318,0.09474
553.00060,-1575.59011,-93.75886,0.01438,0.41249
4967.66073,-14155.69093,281.69433,0.00646,0.02999
730.93169,-2082.07909,-78.47528,0.00277,0.30695
950.29355,-2706.95839,-59.68990,0.03340,0.20200
1129.87907,-3220.59833,-44.59583,0.00114,0.12003
1448.96282,-4128.68305,-17.22152,0.05188,0.06961
1384.52802,-3800.26769,9.40313,0.09631,0.10804
483.77889,-1377.51166,-99.49743,0.00169,0.61177
516.14310,-1469.46122,-96.79237,0.02023,0.46147
762.99673,-2093.52568,-57.37218,0.01196,0.33597
898.17494,-2464.46658,-42.67187,0.01886,0.27180
1597.96907,-4389.57206,32.94485,0.01213,0.14595
1818.12734,-5178.88942,13.59929,0.00126,0.04629
4601.25165,-13108.48854,250.42005,0.00164,0.02029
2173.88232,-6194.96927,43.71006,0.00116,0.06229
867.49087,-2470.72358,-66.86836,0.01030,0.12603
2751.27169,-7840.61793,92.89522,0.09740,0.04572
666.42688,-1898.31658,-83.91477,0.00298,0.23008
1446.18991,-4121.10145,-17.44013,0.00221,0.05155
1221.70606,-3480.88293,-36.21548,0.00444,0.10343
443.73433,-1215.23249,-92.03604,0.00143,0.20695
513.49842,-1405.66466,-84.35279,0.02834,0.16282
720.67787,-1975.52818,-61.91458,0.00317,0.37274
1771.82125,-4865.65994,51.83386,0.03602,0.10875
781.54925,-2143.55705,-55.23785,0.00838,0.28832
2912.74744,-8292.97996,107.63699,0.06482,0.04444
1170.11660,-3332.51370,-40.31901,0.01330,0.12555
1518.26759,-4322.78983,-10.49326,0.06387,0.09842
2853.26915,-8125.60894,103.09849,0.01398,0.05916
1084.79352,-3087.81343,-47.72013,0.02480,0.17672
1534.92626,-4213.35892,26.24241,0.08998,0.11535
1022.93674,-2804.68813,-29.16576,0.01787,0.16887
685.52753,-1878.01555,-65.64899,0.00116,0.37490
2631.89625,-7226.46157,144.98246,0.01065,0.06469
1790.29754,-4915.76666,53.92593,0.02535,0.11511
1862.12603,-5113.26498,61.82089,0.01885,0.11839
1001.00005,-2745.22150,-31.33209,0.00296,0.23959
1331.41249,-3654.10765,4.50403,0.00580,0.16030
2115.68002,-5809.45652,89.71992,0.00125,0.05266
679.66567,-1863.02621,-66.12520,0.01049,0.36839
283.35753,-773.43735,-109.13019,0.04766,0.10137
3294.96054,-9379.82458,140.61482,0.01428,0.04226
495.66289,-1411.49849,-98.34219,0.01369,0.48224
2191.39378,-6240.91072,47.46243,0.05632,0.01181
615.28400,-1751.34682,-88.21681,0.00145,0.07727
1137.43540,-3238.58293,-43.62269,0.03016,0.13349
1424.89049,-4062.45164,-19.27058,0.01823,0.08696
1914.71225,-5458.55350,22.60174,0.01012,0.06683
1240.31270,-3534.87333,-34.46863,0.00564,0.12868
1351.11132,-3854.37069,-24.93818,0.00115,0.08023
753.04507,-2146.69987,-76.12755,0.00744,0.25702
658.82556,-1877.70984,-84.16098,0.07618,0.22958
26.47475,-74.71400,-138.45212,0.06838,0.37339
2661.99608,-7310.21345,147.32952,0.02992,0.03661
552.80337,-1575.38612,-93.42753,0.02078,0.18268
241.30037,-657.93455,-113.63414,0.00647,0.11878
742.07567,-2034.57832,-59.29233,0.00313,0.30076
3368.65820,-9298.52494,215.03095,0.00133,0.04378
603.98794,-1663.05375,-75.91611,0.00294,0.28338
1377.90945,-3799.91126,6.20969,0.01167,0.13303
1457.21204,-4018.68418,14.42135,0.00207,0.09083
5391.17322,-14881.42310,428.12438,0.03169,0.01674
1136.34653,-3133.60138,-19.98117,0.00310,0.09782
747.15037,-2058.42504,-60.91879,0.00835,0.16997
227.37287,-623.29885,-115.73946,0.06266,0.21801
4706.57162,-12997.05997,358.35753,0.03743,0.02559
809.28880,-2231.10222,-54.33102,0.03510,0.30482
2134.18134,-5886.80810,86.32713,0.00489,0.09918
3228.85798,-8905.49027,202.77553,0.02698,0.05975
660.93617,-1819.80634,-69.66342,0.00000,0.38510
1477.12311,-4071.51568,17.19753,0.00199,0.14630
1106.31849,-3047.77142,-22.23392,0.01030,0.16512
514.88850,-1467.37972,-96.76908,0.00581,0.46814
997.83046,-2844.88291,-55.23661,0.00231,0.11431
2730.22826,-7788.56936,93.22182,0.01331,0.04070
686.26954,-1957.12557,-81.96660,0.00565,0.24591
6762.24829,-19269.43380,438.19218,0.01354,0.01555
770.47428,-2121.41333,-58.32932,0.03889,0.33632
2329.90265,-6422.79741,107.54882,0.00250,0.03510
4284.49423,-11821.62525,315.85698,0.00504,0.01871
1172.51604,-3231.72586,-14.97918,0.00472,0.09691
1248.37827,-3558.33418,-33.03178,0.01692,0.14439
1051.82698,-2996.55049,-49.85213,0.00852,0.18832
1209.37660,-3445.72786,-36.74792,0.00315,0.14339
475.44836,-1354.22054,-99.81978,0.03877,0.47090
3531.60235,-9758.99960,235.63290,0.02700,0.02678
671.51324,-1850.61222,-68.42248,0.00192,0.17172
1276.06476,-3521.14469,-3.90609,0.07590,0.12125
375.09355,-1032.35156,-99.97604,0.00128,0.78090
613.68071,-1747.63570,-87.75923,0.00495,0.28666
1204.18561,-3432.35466,-37.21228,0.00951,0.13797
1001.69703,-2853.38601,-54.65119,0.00657,0.15499
1453.16472,-4139.48758,-15.63418,0.00416,0.05409
3245.97083,-8963.26667,204.08520,0.00841,0.05255
194.29890,-532.31563,-119.20656,0.00654,0.20570
713.10527,-1965.72506,-64.13213,0.02879,0.34720
711.95174,-1962.18842,-64.15197,0.03577,0.36092
419.61973,-1194.66550,-104.52120,0.87212,0.25323
2186.59764,-6230.25867,47.72059,0.00212,0.02894
404.29133,-1151.26735,-105.80301,0.04015,0.53704
1089.81163,-3106.05206,-46.75686,0.03854,0.11857
3229.05831,-9202.33490,138.32962,0.03132,0.03675
612.85459,-1745.80437,-87.66108,0.00176,0.33236
466.33707,-1284.21087,-90.23533,0.04525,0.19091
3210.83390,-9102.31157,124.98987,0.00795,0.04828
2382.65423,-6756.26886,56.68741,0.00674,0.07391
2436.95797,-6909.89128,61.50910,0.00130,0.06663
1538.71078,-4362.76235,-12.91273,0.00886,0.08928
2894.70849,-8206.50131,99.36524,0.02527,0.03564
387.63300,-1097.85520,-108.59458,0.01405,0.60894
475.44904,-1308.81866,-89.46312,0.00145,0.54936
3144.37447,-8680.92736,193.65598,0.02620,0.00292
994.32117,-2743.05316,-34.47379,0.00374,0.11663
684.40417,-1886.95100,-67.15336,0.00208,0.22613
1067.25680,-2944.99519,-26.39094,0.04222,0.09051
626.96458,-1727.83151,-73.09654,0.00755,0.19276
868.90119,-2463.44186,-68.92755,0.01222,0.17507
635.97800,-1802.85766,-88.16840,0.00116,0.23094
1683.28848,-4771.44661,-1.85542,0.06706,0.04357
1056.40881,-2994.25618,-53.48179,0.01179,0.14296
714.37313,-2024.92778,-81.60710,0.00213,0.20160
479.51681,-1357.16372,-100.88101,0.02871,0.43662
288.30293,-815.89335,-116.80947,0.00127,0.77039
1139.18735,-3140.62352,-18.39669,0.02936,0.21662
1018.08702,-2806.08420,-31.23140,0.00115,0.24171
467.43245,-1286.78005,-89.91213,0.00216,0.64852
366.44400,-1007.27449,-100.64551,0.00144,0.76200
993.29464,-2738.37641,-33.95308,0.00833,0.23628
759.13092,-2150.04762,-77.81842,0.00944,0.19420
938.34179,-2657.72964,-62.60174,0.01453,0.20909
1361.05524,-3855.86298,-27.37268,0.00960,0.13958
3371.73579,-9307.42548,218.90470,0.07420,0.05085
1274.53049,-3514.04772,-3.70892,0.00161,0.09079
948.86929,-2616.11471,-38.70306,0.03030,0.13528
544.92493,-1499.84815,-81.58830,0.00841,0.45960
562.01795,-1547.55528,-79.87349,0.01492,0.17190
573.61306,-1579.40444,-78.38899,0.04432,0.23942
363.91055,-1000.53613,-100.88615,0.01073,0.29479
2269.58306,-6431.13079,48.18516,0.01412,0.07315
760.26933,-2153.44731,-77.77279,0.00115,0.19659
1016.16787,-2798.84513,-31.73265,0.00349,0.23331
3147.62083,-8677.37413,195.07319,0.00197,0.05254
651.26669,-1791.66189,-70.44704,0.06148,0.33735
373.37003,-1025.50048,-100.02769,0.03573,0.63014
519.24692,-1427.19253,-84.48609,0.03623,0.44131
957.06599,-2634.35074,-37.87574,0.06765,0.18754
1839.92151,-5067.41496,55.98399,0.00172,0.07997
659.70368,-1814.70783,-69.71745,0.01187,0.34519
848.65673,-2403.00072,-70.06163,0.00979,0.24319
1671.53613,-4736.18199,-1.79710,0.00181,0.07125
201.93933,-571.02715,-124.03022,0.04534,0.74028
8431.03125,-23890.30171,562.74124,0.06165,0.00397
631.50813,-1787.36478,-88.28977,0.00187,0.35208
581.97626,-1600.40458,-77.59126,0.00306,0.53137
4730.26553,-13401.09197,253.81051,0.00277,0.01900
4644.65057,-13183.18823,245.92374,0.00552,0.02981
505.53899,-1433.19507,-98.65063,0.00193,0.45739
675.40084,-1914.76941,-84.40082,0.01312,0.30505
234.98002,-643.25466,-114.84859,0.07982,0.32641
672.67796,-1849.56370,-68.11229,0.00140,0.32718
86.61252,-233.98219,-130.56839,0.01145,0.40595
4629.60508,-12766.57509,352.61525,0.00115,0.01058
255.02777,-698.60244,-112.59359,0.03134,0.44188
3947.03070,-10882.22048,281.42754,0.00623,0.01559
191.98454,-524.85607,-119.32053,0.03135,0.11166
410.81306,-1128.39527,-95.92074,0.01761,0.43252
1161.59780,-3294.29353,-44.28756,0.03453,0.15805
631.88592,-1736.92127,-72.43420,0.00262,0.33721
871.12693,-2396.94964,-46.81506,0.01178,0.22975
4932.61311,-13985.49222,265.57432,0.02486,0.01123
1099.71395,-3116.34722,-49.93481,0.07336,0.19495
57.23982,-160.94422,-136.11059,0.02141,0.26750
2345.17654,-6647.63892,53.81418,0.01293,0.05993
439.09608,-1243.55212,-104.35124,0.01605,0.25152
1038.45709,-2945.90275,-54.34243,0.09137,0.16980
823.58676,-2265.10321,-51.42825,0.01441,0.15546
1002.34626,-2759.73610,-32.52669,0.01643,0.26254
184.55697,-522.27114,-125.51942,0.02136,0.83420
924.50887,-2620.72659,-63.80868,0.01709,0.15346
927.61545,-2630.86969,-63.81509,0.00835,0.08531
587.16919,-1664.09153,-91.85736,0.00191,0.15782
319.61092,-905.30454,-114.10975,0.00788,0.44527
1127.98886,-3104.86391,-19.15251,0.01530,0.11001
1043.14824,-2870.48699,-28.05845,0.06140,0.07433
3098.50118,-8540.34506,191.70465,0.04257,0.01545
1712.22954,-4720.51265,43.23244,0.04523,0.07517
694.79903,-1912.88747,-65.36413,0.08977,0.35094
3463.47114,-9555.69252,231.50611,0.00332,0.01534
1675.44057,-4753.14152,-1.25936,0.02452,0.03759
1209.36276,-3429.76854,-39.71810,0.01657,0.06931
975.30648,-2765.65189,-59.66059,0.00198,0.13404
889.82357,-2523.45563,-66.55759,0.04124,0.12607
996.55952,-2826.39872,-57.49638,0.01355,0.12297
844.53518,-2394.03783,-69.85176,0.06288,0.18583
1005.96232,-2852.03944,-56.60009,0.01644,0.18971
771.50299,-2124.05042,-57.35503,0.00437,0.20027
3777.03832,-10421.69210,264.05004,0.04035,0.00816
1046.67243,-2885.12881,-27.67392,0.02221,0.12285
1285.53518,-3541.42615,-1.09602,0.00416,0.12633
365.78627,-1036.23993,-110.25712,0.04025,0.79825
467.63054,-1324.47549,-101.58789,0.00117,0.55635
2623.59137,-7230.70454,142.14197,0.04194,0.04247
8261.61504,-22781.56999,744.69872,0.05752,0.01424
333.76090,-945.30800,-112.77388,0.00137,0.62395
898.41370,-2547.07972,-65.43195,0.00150,0.19669
467.14784,-1322.79730,-101.77592,0.06690,0.22427
301.68583,-853.80227,-115.58972,0.03518,0.67204
533.88430,-1511.90866,-96.11023,0.02076,0.19699
2268.56569,-6431.32895,48.94549,0.03535,0.07209
1907.88106,-5408.16962,19.35540,0.27735,0.08938
872.54371,-2472.99432,-67.61128,0.00127,0.20003
2160.28143,-6125.99434,40.24292,0.02069,0.07049
862.54539,-2444.85668,-68.18431,0.00139,0.20755
1191.28996,-3372.45862,-41.28115,0.05657,0.16339
1178.23657,-3336.37259,-42.34337,0.01002,0.15535
887.75661,-2512.48257,-66.64045,0.01157,0.15915
6839.62088,-19372.89602,431.07978,0.04338,0.01451
2261.38317,-6402.06250,48.32168,0.02344,0.07803
1021.50451,-2891.24304,-55.14191,0.00129,0.17472
602.21480,-1703.71660,-90.34514,0.01220,0.33797
885.44597,-2506.65199,-66.91237,0.40619,0.06174
600.53770,-1699.64461,-90.73396,0.00257,0.35110
1062.48695,-2924.77795,-25.68242,0.00053,0.06628
194.54843,-531.84533,-118.86466,0.07136,0.13655
461.82903,-1272.26737,-90.60185,0.01197,0.29818
733.21616,-2023.54967,-61.38478,0.02091,0.30158
532.19819,-1466.52360,-82.89087,0.01721,0.46394
801.77331,-2212.07700,-54.32563,0.00116,0.29034
507.14826,-1434.05828,-98.39934,0.04521,0.37619
704.25747,-1992.45489,-81.92541,0.01370,0.20557
914.31703,-2588.40492,-64.61319,0.00597,0.14294
2012.60436,-5700.12345,26.94384,0.03596,0.03110
401.41464,-1135.45010,-107.28949,0.01400,0.61660
1068.86847,-3025.04585,-51.19904,0.01058,0.12241
81.79631,-230.08239,-133.92660,0.00495,0.26632
1098.16916,-3109.41678,-48.77401,0.00145,0.19652
2422.89138,-6862.99586,62.34175,0.00467,0.04092
414.23390,-1172.16582,-106.05492,0.03434,0.51446
4213.92862,-11934.18804,213.61745,0.00137,0.01345
757.05192,-2143.48005,-77.46576,0.00221,0.20025
626.87370,-1772.93092,-88.34924,0.00744,0.36702
682.16510,-1929.42933,-83.55692,0.01313,0.27587
17304.53395,-48974.46303,1315.35727,0.01519,0.00180
1161.18866,-3285.20650,-42.82427,0.01170,0.14661
1123.49163,-3178.00351,-46.01546,0.01820,0.19513
676.21489,-1912.91491,-83.90754,0.01459,0.31537
779.49653,-2204.43678,-75.05779,0.02362,0.28274
3398.38029,-9387.61963,222.98445,0.00122,0.03066
987.11662,-2725.05039,-34.73275,0.01204,0.11981
482.47905,-1329.73982,-88.34148,0.00115,0.26954
1323.21640,-3652.85822,1.83635,0.00851,0.14489
1086.10732,-2999.18758,-23.91528,0.01353,0.15807
492.57412,-1357.87408,-87.18251,0.08789,0.44450
1269.88609,-3508.02908,-4.17031,0.00215,0.07324
588.73213,-1664.17731,-91.35904,0.00123,0.30628
1344.47524,-3802.69221,-27.83655,0.01598,0.08705
1604.56220,-4539.11376,-5.69469,0.01826,0.04542
382.61382,-1081.05972,-108.52260,0.06077,0.36715
1503.07598,-4253.57109,-14.38417,0.01806,0.05697
623.16818,-1762.30488,-88.25169,0.03685,0.16094
662.64655,-1825.86729,-68.92240,0.00318,0.25783
954.08180,-2630.82860,-37.48594,0.00388,0.09872
970.90543,-2679.37378,-35.58287,0.01766,0.14543
1506.45473,-4156.52050,21.81341,0.00321,0.14982
835.87034,-2365.41979,-70.54693,0.01939,0.15861
920.81037,-2608.83163,-63.48569,0.01062,0.22194
6810.82783,-19298.09952,431.70774,0.01082,0.01484
1015.10903,-2875.50882,-55.34554,0.01758,0.16952
701.12186,-1985.32628,-81.72057,0.00125,0.30166
1257.43381,-3562.33658,-34.74658,0.00296,0.13611
768.26576,-2175.22602,-75.97475,0.01422,0.24640
1144.80595,-3159.73040,-17.03332,0.03959,0.19199
453.02833,-1282.87909,-102.68454,0.01129,0.52248
571.36102,-1575.01696,-78.50319,0.05066,0.48348
1135.10763,-3131.28529,-18.21675,0.00443,0.07787
902.67691,-2489.83126,-43.13598,0.05803,0.11545
1096.82385,-3026.38284,-22.10858,0.07146,0.13776
2401.32608,-6630.62509,117.51150,0.03049,0.02421
924.97379,-2554.17803,-40.85039,0.06581,0.25767
577.97776,-1594.65643,-77.85715,0.02544,0.25789
669.23330,-1847.79223,-67.94635,0.00114,0.28383
904.09932,-2495.78251,-42.74047,0.06186,0.15851
612.33306,-1689.82826,-73.93545,0.02726,0.13328
699.82994,-1931.79985,-64.62985,0.01368,0.34247
728.26558,-2010.08417,-61.93301,0.00181,0.33556
722.39879,-1995.07715,-62.16380,0.01112,0.28857
155.13488,-424.54931,-123.16232,0.01055,0.58797
2825.37189,-7810.63085,162.65269,0.24325,0.06754
2150.96867,-5944.88620,91.58295,0.01201,0.04087
1025.34087,-2832.26207,-29.61458,0.00245,0.10829
626.57821,-1729.44423,-72.39944,0.09452,0.10921
1085.24147,-2996.90936,-22.89472,0.00142,0.10466
1367.57564,-3777.06531,7.56541,0.02208,0.09613
1346.76073,-3718.04614,5.62196,0.04089,0.08357
977.62953,-2699.41263,-34.28510,0.03305,0.16376
-3.05161,10.14949,-141.04038,0.00116,0.51488
1402.78178,-3972.34177,-22.85981,0.01056,0.06221
1643.68960,-4654.63454,-2.53706,0.01275,0.04473
966.28350,-2736.10430,-59.37261,0.03648,0.21131
461.21920,-1306.13420,-101.86573,0.02813,0.15538
2918.79768,-8064.50975,174.33879,0.00184,0.06541
670.57841,-1898.55535,-84.10394,0.01179,0.26645
14389.68793,-40749.16662,1074.55334,0.05843,0.00000
1137.42261,-3220.18454,-44.53013,0.00830,0.17195
997.74056,-2825.44546,-56.34339,0.01191,0.14877
1426.13557,-4039.31731,-19.96226,0.07191,0.14071
575.66586,-1628.64949,-92.02869,0.00495,0.36379
382.32511,-1052.30849,-98.66191,0.00114,0.33805
925.85788,-2555.13507,-40.30967,0.04634,0.10222
892.90201,-2463.96062,-43.78941,0.00605,0.16603
1778.33919,-4911.69279,51.53359,0.00260,0.03642
1191.60789,-3290.85549,-11.37205,0.09270,0.10523
727.53781,-2006.86531,-61.10417,0.00359,0.18797
400.93715,-1104.21600,-96.47052,0.03193,0.51873
812.32324,-2241.99187,-52.10857,0.03450,0.18139
693.89267,-1915.01957,-64.95671,0.01363,0.15981
480.03344,-1357.43938,-100.19360,0.01331,0.15931
806.74135,-2283.78588,-72.72701,0.00684,0.11630
889.91085,-2519.49661,-65.63630,0.01920,0.15465
870.63553,-2463.86572,-67.02177,0.01872,0.11371
454.72305,-1250.87621,-90.89507,0.00126,0.44545
936.17611,-2581.52181,-39.02940,0.01405,0.25746
943.02814,-2600.19315,-38.31796,0.03353,0.25696
877.08262,-2416.35490,-45.45347,0.00870,0.14146
1928.05974,-5460.16984,22.28583,0.02655,0.06225
820.18745,-2322.01242,-71.43065,0.01274,0.06845
3567.95329,-10109.09648,161.04504,0.09018,0.04107
315.76972,-893.29733,-113.99304,0.05839,0.32740
406.44254,-1153.18128,-106.63758,0.00633,0.60923
1539.64588,-4370.24867,-11.35086,0.01566,0.11544
2167.63184,-5980.65237,93.27327,0.01079,0.08425
2256.04480,-6406.70719,48.22027,0.00182,0.06399
2390.64318,-6596.59095,116.80494,0.02051,0.05067
798.62259,-2200.53848,-53.97084,0.04938,0.32795
6187.22704,-17083.22986,524.36922,0.03801,0.00180
799.17672,-2266.73406,-73.91080,0.01642,0.31283
796.21746,-2259.22133,-74.19740,0.03121,0.05849
721.23576,-2046.66012,-80.53578,0.03434,0.13971
675.02955,-1916.01064,-84.19503,0.03428,0.27795
2021.97940,-5742.64525,28.73176,0.03240,0.04127
955.78227,-2711.14281,-60.73447,0.05513,0.07246
339.15705,-931.62503,-103.29972,0.00249,0.42715
1073.18011,-2956.91336,-24.29323,0.00264,0.11320
1006.02888,-2772.09676,-31.29102,0.00971,0.22084
2283.03472,-6297.89848,107.16844,0.02623,0.03994
1045.58683,-2966.27115,-52.96061,0.00115,0.18451
615.27964,-1744.64953,-88.94557,0.01121,0.37078
652.01169,-1847.96458,-85.81896,0.00721,0.25363
670.83268,-1901.39089,-84.29705,0.00653,0.26939
494.75562,-1402.03107,-99.08692,0.01393,0.40910
4105.15762,-11646.91359,206.42780,0.87477,0.03287
539.93507,-1530.51072,-95.10846,0.00357,0.20374
386.03364,-1094.08303,-108.03274,0.00289,0.60990
191.83099,-524.64205,-118.99352,0.01548,0.13811
2338.67516,-6451.97427,113.35938,0.05000,0.07876
823.28286,-2267.24258,-50.62244,0.00238,0.16824
8217.62384,-22683.15623,747.44507,0.03546,0.01110
418.26185,-1149.44109,-94.65788,0.00116,0.12839
949.49025,-2691.93063,-60.87209,0.01190,0.20789
295.58819,-837.33198,-115.87584,0.01289,0.77360
756.13608,-2081.75734,-58.17020,0.00115,0.26107
881.35322,-2427.37365,-44.55627,0.00712,0.28734
1483.61719,-4207.44645,-16.19687,0.05204,0.13873
1416.77771,-4018.64578,-21.75952,0.01063,0.08593
1570.80079,-4457.57578,-8.50052,0.00851,0.03894
1657.24937,-4700.49552,-0.54559,0.01698,0.08819
594.47381,-1687.66487,-90.79065,0.00248,0.41094
806.06317,-2288.31196,-72.94471,0.00116,0.30933
5741.00326,-16303.28725,343.48358,0.00114,0.01545
2692.12667,-7648.22222,86.31000,0.00826,0.02025
781.17220,-2217.56453,-74.70514,0.02569,0.22909
774.46434,-2199.29806,-75.28463,0.01045,0.03372
976.81058,-2772.83031,-58.53147,0.02241,0.20185
3279.64537,-9044.73854,214.39312,0.02551,0.05146
651.59207,-1794.04874,-69.40438,0.05394,0.20804
611.61249,-1683.84908,-73.73803,0.01631,0.39256
352.61213,-968.72466,-101.62790,0.01722,0.78461
671.03491,-1847.12377,-67.03977,0.01567,0.14526
493.47522,-1400.38412,-99.06968,0.08341,0.44333
294.82674,-836.41608,-115.84002,0.01992,0.98011
1165.80257,-3215.42164,-13.56807,0.01817,0.18413
602.16096,-1658.41635,-74.57294,0.01940,0.43145
1722.80702,-4755.95907,47.10110,0.00324,0.11422
1955.41390,-5554.82248,23.58708,0.00519,0.06957
353.94601,-1004.52216,-111.00106,0.00185,0.37654
415.85232,-1180.16561,-105.70433,0.01191,0.38423
1421.76848,-4039.14372,-21.16269,0.01071,0.07072
540.66783,-1535.38174,-95.03889,0.00587,0.19970
716.10105,-2032.20385,-80.41251,0.00354,0.12047
523.99673,-1442.73017,-82.98026,0.00302,0.31817
939.98798,-2668.26402,-61.31961,0.00265,0.19115
1729.91436,-4911.13957,5.34131,0.02812,0.04955
471.44064,-1337.11205,-100.84603,0.00117,0.45824
3085.59482,-8759.95981,120.48771,0.02470,0.04076
739.48270,-2099.01112,-77.95641,0.01416,0.22291
1702.41792,-4700.58113,44.45632,0.02047,0.08377
95.02148,-268.62460,-132.65362,0.03092,0.30746
2640.90903,-7291.00954,145.53163,0.00271,0.05342
433.35768,-1192.93703,-92.98043,0.00561,0.55409
1344.59324,-3711.28595,5.30804,0.01461,0.08968
1517.57212,-4189.48377,24.23175,0.01082,0.04945
513.34853,-1414.04583,-84.16995,0.01515,0.48935
3178.15547,-8776.21283,204.72188,0.00267,0.04822
143.58800,-392.35748,-124.18991,0.01383,0.61849
733.22752,-2020.20138,-60.41749,0.04320,0.37613
3801.25206,-10489.12707,272.45176,0.03490,0.04373
205.54638,-563.16183,-117.38608,0.03524,0.14017
1280.11160,-3532.05807,-0.74534,0.07473,0.14786
1578.82736,-4357.07089,31.80987,0.00162,0.13309
672.81859,-1852.99769,-66.65179,0.03872,0.29826
614.02905,-1690.20136,-73.03032,0.01309,0.26007
12018.35490,-33165.00754,1164.95388,0.05580,0.00368
531.98216,-1463.80311,-82.06562,0.00309,0.57885
849.48054,-2410.61709,-68.94039,0.02087,0.10794
404.81571,-1148.22778,-106.40141,0.00121,0.13252
2077.89106,-5898.25795,36.01355,0.02513,0.06437
917.10789,-2602.92303,-62.79754,0.01822,0.14789
998.65341,-2834.91319,-55.89714,0.02181,0.06820
685.91934,-1946.49814,-82.37510,0.02788,0.19931
1476.84596,-4192.35323,-15.91624,0.02289,0.07793
3514.96100,-9967.40054,155.97716,0.00694,0.02369
4020.24513,-11398.82217,199.35232,0.00548,0.03824
1168.33492,-3311.69245,-41.72569,0.00228,0.17174
119.29430,-337.02328,-130.64631,0.00524,0.24201
1100.38328,-3120.53734,-47.58275,0.04849,0.18036
402.83472,-1140.81372,-106.63192,0.02599,0.60872
1584.11476,-4492.35394,-6.48469,0.00129,0.14090
788.98206,-2236.91209,-73.85454,0.00156,0.25172
524.09953,-1484.75719,-96.52306,0.02210,0.34265
1735.15749,-4918.15236,6.22320,0.00713,0.11210
1381.58802,-3915.72185,-23.39197,0.01698,0.10219
1529.50072,-4337.05216,-11.24015,0.00203,0.08159
3262.66873,-9252.18578,136.71066,0.03613,0.01936
739.47529,-2096.34903,-77.94061,0.04608,0.17442
403.11009,-1141.24041,-106.43250,0.01610,0.59137
2261.22775,-6408.69565,51.43592,0.03050,0.07496
1165.97667,-3302.27917,-41.50123,0.07678,0.16712
753.94327,-2076.51663,-57.91563,0.02355,0.17480
909.52915,-2506.79821,-40.84957,0.01210,0.13906
845.29420,-2329.08639,-47.74257,0.05105,0.26557
1394.35356,-3845.84952,11.95242,0.00479,0.07674
613.12296,-1684.06065,-74.20097,0.00332,0.42357
520.56938,-1429.14579,-83.95076,0.01075,0.50826
549.01706,-1507.29167,-80.86941,0.09321,0.46910
1643.57860,-4656.87343,-0.95892,0.00568,0.09375
2353.48085,-6669.97136,59.80614,0.04490,0.06973
1121.40443,-3083.13433,-19.18679,0.02092,0.20637
12988.51479,-35778.65715,1257.56818,0.06670,0.00409
1764.61042,-4857.16583,49.51278,0.01641,0.11297
959.07497,-2716.87770,-58.94605,0.00397,0.21826
1144.30576,-3241.45902,-42.88290,0.08144,0.17821
600.99721,-1701.09481,-89.65583,0.00191,0.36014
814.44047,-2307.65499,-71.38964,0.02539,0.25431
450.67255,-1275.43304,-102.49048,0.00441,0.37126
1681.73604,-4763.25700,2.23278,0.21496,0.04102
1398.49948,-3962.06664,-21.67947,0.00233,0.05429
3335.94409,-9455.11834,144.14715,0.09769,0.02357
478.62543,-1355.79528,-99.94653,0.00728,0.22684
792.51602,-2247.59898,-73.30366,0.00282,0.07975
1266.32919,-3591.56100,-33.10079,0.06822,0.17602
1535.61703,-4357.03549,-9.94510,0.00199,0.05199
810.70509,-2298.74014,-71.39821,0.05235,0.26002
1451.42016,-4116.94093,-17.47598,0.03346,0.13903
519.24405,-1472.31398,-96.56138,0.00170,0.40829
1867.80996,-5138.71847,60.48423,0.04979,0.03824
1302.82165,-3585.36237,-0.01685,0.00880,0.10109
1361.94095,-3744.82517,6.43269,0.00644,0.04092
1120.71582,-3080.64558,-19.25781,0.03374,0.19076
364.20099,-998.04709,-100.56552,0.04225,0.59106
11824.16678,-33567.18799,868.11963,0.00117,0.00491
536.66360,-1521.47885,-94.72750,0.07011,0.42567
748.34071,-2121.00998,-76.97670,0.01566,0.14255
536.36409,-1520.27890,-95.04613,0.05204,0.39747
2554.61833,-7245.49397,77.07995,0.00319,0.02359
3597.60890,-9900.19169,247.66352,0.01553,0.02867
1722.70835,-4738.54568,45.77271,0.00432,0.09481
1181.74661,-3247.70727,-12.37048,0.02754,0.19893
810.12490,-2225.99083,-52.35266,0.00580,0.28643
502.97832,-1379.61467,-85.35831,0.00161,0.49629
1070.08229,-2941.50700,-24.00750,0.00167,0.19536
2004.59804,-5685.22440,30.44021,0.01145,0.05320
201.37800,-570.30266,-123.58706,0.13865,0.12090
547.64318,-1552.61819,-93.97323,0.01192,0.15267
443.16575,-1256.21154,-102.95732,0.01189,0.64670
1009.01518,-2860.08384,-53.97813,0.00625,0.23390
701.06824,-1986.61454,-80.40946,0.02699,0.28145
539.41213,-1529.20869,-94.45433,0.05754,0.31784
645.59611,-1828.89371,-85.52811,0.00520,0.29154
510.09107,-1444.80316,-97.14304,0.00652,0.48404
1793.35747,-4931.00814,53.18102,0.00489,0.03188
509.63218,-1397.71974,-84.68759,0.00149,0.37536
661.83929,-1817.95169,-68.40522,0.02145,0.19448
1214.28163,-3342.10136,-8.88805,0.01159,0.16527
1270.17057,-3495.28807,-2.83365,0.00307,0.17327
1531.66018,-4214.69899,25.45164,0.01129,0.05229
539.17478,-1481.75481,-81.51710,0.02272,0.47460
1720.69360,-4738.36740,46.32145,0.01644,0.12495
1082.47862,-3066.96974,-48.11889,0.02344,0.10428
1593.43422,-4516.26210,-4.41729,0.00574,0.07760
436.70968,-1236.65874,-103.29071,0.04838,0.20162
2373.81255,-6729.53622,63.25245,0.06796,0.07037
1285.87408,-3540.06993,-1.37373,0.06140,0.09004
2083.81866,-5908.87588,38.10826,0.00515,0.03123
1689.22714,-4791.58841,4.01965,0.00302,0.06397
1731.12749,-4895.51899,5.33159,0.01300,0.11550
1140.02301,-3224.74683,-44.54050,0.00117,0.09516
518.31796,-1464.33542,-97.02703,0.00503,0.27992
822.37620,-2323.67143,-71.22278,0.01768,0.25196
468.39049,-1323.58350,-101.28430,0.01229,0.59168
3880.35594,-10685.85004,279.21798,0.04936,0.01782
661.70824,-1870.96814,-84.90450,0.02396,0.17694
10365.83190,-28569.56506,976.95668,0.07055,0.00323
1009.56750,-2777.50366,-30.83000,0.00277,0.10116
867.92880,-2386.90414,-45.98071,0.00349,0.17820
388.94956,-1067.56241,-97.84890,0.00155,0.44542
401.87370,-1103.11359,-96.38581,0.03579,0.80525
8772.63071,-24187.00514,806.51493,0.00533,0.00280
353.03911,-968.54531,-101.55002,0.00996,0.41512
853.26365,-2346.94493,-47.87507,0.00294,0.13851
934.31808,-2571.52368,-38.84142,0.02459,0.29824
595.14586,-1634.15420,-75.36235,0.00680,0.18404
900.62087,-2476.01955,-42.19601,0.06901,0.24929
1191.67686,-3278.25151,-10.58222,0.00228,0.17649
744.34019,-2046.05748,-58.82963,0.00766,0.19428
309.54491,-873.97699,-114.48999,0.00372,0.82526
1604.52837,-4537.98719,-4.80023,0.01252,0.13137
1698.84559,-4803.91027,3.42850,0.01397,0.13939
2043.68938,-5777.27781,31.86157,0.00117,0.05561
493.74860,-1394.30460,-99.00543,0.06462,0.25478
1372.38514,-3881.60188,-25.15652,0.01808,0.13453
1387.79152,-3924.25640,-23.19803,0.00112,0.10710
857.77499,-2425.45404,-68.02580,0.05301,0.21966
5272.84100,-14906.42511,307.18251,0.00168,0.01790
987.90849,-2789.93636,-56.80714,0.00174,0.18584
1359.79220,-3841.76023,-25.19289,0.00482,0.15240
473.46545,-1299.71866,-88.35047,0.01157,0.35945
364.46106,-999.21355,-100.09764,0.02543,0.50144
521.84542,-1430.76355,-83.45410,0.07851,0.25947
1615.51082,-4437.74391,35.01527,0.01289,0.12683
1385.39840,-3807.45562,10.27082,0.00293,0.09878
12796.03749,-35202.82191,1246.38647,0.05374,0.00540
639.34362,-1754.20340,-70.41947,0.03429,0.37973
824.45621,-2263.99919,-50.33940,0.09152,0.21208
4268.18393,-11741.31430,323.63655,0.01595,0.02926
802.07182,-2201.74251,-53.17022,0.03342,0.20057
3572.35425,-9823.40734,247.07350,0.05604,0.03950
906.67995,-2560.63369,-63.80690,0.03544,0.12099
980.93656,-2771.88852,-57.68684,0.07245,0.21322
1725.34127,-4876.66256,5.54453,0.00213,0.02138
2149.97132,-5908.89882,92.73077,0.06508,0.08129
1034.02651,-2840.34913,-28.21417,0.02924,0.15903
1329.19915,-3651.80336,4.10642,0.01037,0.08697
744.41065,-2043.31221,-59.29066,0.00998,0.32723
1063.65863,-2921.81074,-24.65671,0.00495,0.18542
705.13695,-1935.22963,-63.08664,0.06199,0.33546
2228.20107,-6297.50854,48.57192,0.00543,0.06739
536.85906,-1516.24052,-95.17115,0.00945,0.15278
552.29254,-1560.30410,-93.72153,0.00460,0.27780
1376.98164,-3896.57701,-23.96652,0.06108,0.09535
345.10880,-975.07439,-111.43187,0.00289,0.69280
872.70753,-2468.62259,-66.51846,0.00772,0.22704
481.32351,-1318.42219,-87.63449,0.00196,0.56574
864.89156,-2373.07112,-45.55822,0.00386,0.29681
1900.88798,-5223.79266,67.01233,0.00510,0.11826
113.51407,-306.81606,-127.39328,0.00759,0.26321
1572.42723,-4318.22751,30.82995,0.05530,0.14082
886.50926,-2508.50603,-65.25309,0.02299,0.21711
5126.04568,-14509.75719,297.03289,0.08677,0.02319
3147.36771,-8904.94410,126.58688,0.00141,0.04959
990.45025,-2801.25319,-56.40572,0.02844,0.20181
1981.82465,-5443.57812,75.24755,0.00117,0.07667
1139.33255,-3129.46108,-15.81165,0.01238,0.17588
1584.72358,-4484.34427,-5.48454,0.02114,0.13157
2099.66737,-5775.01989,88.85873,0.01024,0.06074
2319.02253,-6380.96371,113.25005,0.01295,0.08362
1302.16541,-3581.16269,2.27291,0.00117,0.17243
2845.17109,-8051.13844,100.24459,0.01334,0.02864
3972.69454,-11241.45326,196.13922,0.01575,0.00908
7203.83963,-20390.33307,471.27289,0.01978,0.00283
784.89748,-2220.65157,-74.09213,0.03972,0.15539
654.73031,-1852.37939,-85.09122,0.02034,0.25214
1000.91507,-2831.44991,-55.28290,0.01081,0.08893
690.05923,-1952.17953,-81.80901,0.02594,0.20088
3812.99188,-10785.28893,184.31107,0.02015,0.03473
815.74076,-2305.05909,-70.97491,0.00561,0.26231
3221.14007,-9107.23712,134.95206,0.00552,0.04681
2447.69800,-6922.15755,68.89957,0.00330,0.07341
2045.09210,-5785.71010,34.62336,0.05055,0.08895
838.79272,-2371.34177,-68.67119,0.00756,0.20012
441.15507,-1245.87679,-103.09384,0.00656,0.63473
1314.78518,-3612.88619,3.31595,0.02079,0.06922
188.19135,-513.19784,-119.29544,0.00132,0.77275
890.00764,-2514.83242,-64.70203,0.01597,0.28923
566.27363,-1599.45699,-92.29601,0.00792,0.45197
331.75365,-908.52875,-103.72273,0.07190,0.33184
873.98749,-2400.92970,-44.38627,0.01290,0.08194
3258.85339,-8966.80106,216.19455,0.05419,0.04352
992.38156,-2727.29257,-31.32258,0.00641,0.09534
1195.27144,-3287.33134,-9.76897,0.00700,0.10086
1364.39441,-3750.08003,9.02674,0.00117,0.11855
7388.57898,-20325.12898,667.14085,0.04290,0.01758
1904.64395,-5237.35641,68.42128,0.02192,0.08428
7731.56239,-21866.91726,520.55817,0.00152,0.01580
599.37794,-1644.85690,-74.15101,0.02437,0.42669
5892.30115,-16203.33321,504.71285,0.00169,0.01905
1206.41044,-3314.66269,-7.56282,0.01451,0.16259
2516.33545,-6919.88112,134.85448,0.01375,0.08717
1597.99823,-4519.78325,-3.67546,0.00152,0.12598
2801.69832,-7927.06179,98.56766,0.00337,0.02114
3536.93549,-10002.01297,160.84845,0.01387,0.02108
744.81198,-2105.76583,-77.28075,0.00634,0.14516
296.91494,-838.42347,-115.26272,0.03129,0.90808
1218.88020,-3348.04636,-6.99036,0.01435,0.09592
1048.59693,-2880.29711,-25.35500,0.00116,0.07374
4612.43906,-12684.45725,364.70376,0.03363,0.00717
308.90518,-847.01193,-106.27899,0.00305,0.69708
390.67483,-1073.29068,-97.38097,0.01534,0.72482
1389.83479,-3828.29191,10.94357,0.05209,0.14481
1981.03930,-5456.45970,75.01582,0.00113,0.06131
1020.22828,-2810.23271,-29.07531,0.00733,0.23654
1179.32096,-3247.37749,-11.82254,0.01687,0.14832
2698.79989,-7621.24506,89.90165,0.02005,0.06009
922.26075,-2605.39220,-61.84851,0.08686,0.23596
3811.74663,-10763.26373,184.24663,0.02381,0.04243
364.19382,-999.37593,-100.23336,0.00116,0.50093
1238.97715,-3412.59558,-5.43702,0.00116,0.06690
254.74075,-697.81497,-112.03724,0.00474,0.85499
373.42263,-1025.00846,-99.08511,0.18410,0.38651
1190.93681,-3280.62584,-10.31874,0.00661,0.17695
470.46453,-1327.66109,-100.61710,0.01911,0.59229
580.91485,-1596.45186,-76.66721,0.00137,0.40648
1218.93184,-3354.44221,-7.39847,0.00208,0.16110
750.53699,-2064.96134,-57.99489,0.01605,0.26300
217.45702,-594.38114,-116.06270,0.00359,0.29943
8806.89633,-24270.59403,819.31705,0.01246,0.00519
689.92364,-1896.31144,-64.52066,0.00579,0.30297
727.82647,-2001.20063,-60.35231,0.00316,0.33735
631.04276,-1780.33575,-86.85350,0.00327,0.45121
497.64118,-1404.17180,-98.30318,0.00987,0.25407
1068.51289,-3017.90590,-49.68382,0.00175,0.08658
2603.20644,-7170.03793,144.54587,0.00123,0.06301
1167.54320,-3213.21669,-12.66249,0.00117,0.17794
376.34033,-1032.54816,-98.61621,0.02050,0.69153
525.39413,-1483.43819,-95.85765,0.03388,0.22878
905.74898,-2558.34190,-63.26265,0.01143,0.14395
699.87993,-1976.32470,-80.82248,0.02650,0.21810
2319.19570,-6554.51920,57.44933,0.00160,0.04304
509.68927,-1437.20359,-97.09778,0.02510,0.47574
652.07794,-1839.69142,-84.86514,0.00203,0.26990
545.21948,-1497.78148,-80.35707,0.00296,0.44950
545.45204,-1498.83807,-80.12108,0.00379,0.48338
2719.45232,-7679.29912,92.18249,0.01968,0.04995
2812.70701,-7944.38264,100.74377,0.09710,0.06346
621.95170,-1754.17593,-87.22476,0.00478,0.36383
871.00352,-2456.56319,-65.82660,0.04393,0.15963
730.68598,-2060.82599,-77.78269,0.02140,0.33113
1351.65663,-3721.54017,7.35484,0.05721,0.09908
1630.91211,-4491.80371,37.75946,0.01388,0.03861
2867.74986,-7896.08762,172.67995,0.00655,0.02939
211.80065,-578.80738,-116.58365,0.00192,0.53659
529.57434,-1455.24724,-81.86298,0.01226,0.57431
503.90491,-1385.79123,-84.96845,0.00904,0.29677
5863.90155,-16181.77458,498.64275,0.00793,0.01957
722.39658,-1989.18354,-61.00318,0.00125,0.34811
2296.55622,-6334.81838,110.80358,0.00114,0.08232
563.49887,-1550.98240,-78.13779,0.00406,0.40097
607.15822,-1671.27923,-73.68250,0.00124,0.48596
1062.44206,-2926.93523,-24.23372,0.05290,0.24690
3699.46006,-10442.31525,176.12574,0.00134,0.04484
804.90092,-2269.91511,-71.57377,0.01010,0.16037
